{
  "success_n": 70,
  "failure_n": 30,
  "rows": [
    {
      "Success": {
        "operation": "MKDIR",
        "return_code": 0,
        "execution_time": 147,
        "extra": {
          "hash": null,
          "timestamps": [
            {
              "owner": "parent",
              "atime": false,
              "mtime": true,
              "ctime": true
            }
          ]
        }
      }
    },
    {
      "Failure": {
        "operation": "SYMLINK",
        "subcall": "symlink",
        "return_code": -1,
        "errno": 17,
        "strerror": "File exists"
      }
    },
    {
      "Success": {
        "operation": "MKDIR",
        "return_code": 0,
        "execution_time": 269,
        "extra": {
          "hash": null,
          "timestamps": [
            {
              "owner": "parent",
              "atime": false,
              "mtime": true,
              "ctime": true
            }
          ]
        }
      }
    },
    {
      "Success": {
        "operation": "CHMOD",
        "return_code": 0,
        "execution_time": 15,
        "extra": {
          "hash": null,
          "timestamps": [
            {
              "owner": "file",
              "atime": false,
              "mtime": false,
              "ctime": true
            }
          ]
        }
      }
    },
    {
      "Failure": {
        "operation": "OPEN",
        "subcall": "open",
        "return_code": -1,
        "errno": 22,
        "strerror": "Invalid argument"
      }
    },
    {
      "Success": {
        "operation": "CHMOD",
        "return_code": 0,
        "execution_time": 24,
        "extra": {
          "hash": null,
          "timestamps": [
            {
              "owner": "file",
              "atime": false,
              "mtime": false,
              "ctime": true
            }
          ]
        }
      }
    },
    {
      "Success": {
        "operation": "CHMOD",
        "return_code": 0,
        "execution_time": 13,
        "extra": {
          "hash": null,
          "timestamps": [
            {
              "owner": "file",
              "atime": false,
              "mtime": false,
              "ctime": true
            }
          ]
        }
      }
    },
    {
      "Failure": {
        "operation": "PREAD",
        "subcall": "pread",
        "return_code": -1,
        "errno": 9,
        "strerror": "Bad file descriptor"
      }
    },
    {
      "Failure": {
        "operation": "FSYNC",
        "subcall": "fsync",
        "return_code": -1,
        "errno": 9,
        "strerror": "Bad file descriptor"
      }
    },
    {
      "Success": {
        "operation": "SETXATTR",
        "return_code": 0,
        "execution_time": 80,
        "extra": {
          "hash": null,
          "timestamps": []
        }
      }
    },
    {
      "Failure": {
        "operation": "PREAD",
        "subcall": "pread",
        "return_code": -1,
        "errno": 9,
        "strerror": "Bad file descriptor"
      }
    },
    {
      "Failure": {
        "operation": "PREAD",
        "subcall": "pread",
        "return_code": -1,
        "errno": 9,
        "strerror": "Bad file descriptor"
      }
    },
    {
      "Success": {
        "operation": "CREATE",
        "return_code": 3,
        "execution_time": 140,
        "extra": {
          "hash": null,
          "timestamps": [
            {
              "owner": "parent",
              "atime": false,
              "mtime": true,
              "ctime": true
            }
          ]
        }
      }
    },
    {
      "Success": {
        "operation": "LISTXATTR",
        "return_code": 129,
        "execution_time": 14,
        "extra": {
          "hash": 12472303134995152581,
          "timestamps": []
        }
      }
    },
    {
      "Success": {
        "operation": "REMOVEXATTR",
        "return_code": 0,
        "execution_time": 24,
        "extra": {
          "hash": null,
          "timestamps": []
        }
      }
    },
    {
      "Success": {
        "operation": "REMOVE",
        "return_code": 0,
        "execution_time": 63,
        "extra": {
          "hash": null,
          "timestamps": [
            {
              "owner": "parent",
              "atime": false,
              "mtime": true,
              "ctime": true
            }
          ]
        }
      }
    },
    {
      "Success": {
        "operation": "TRUNCATE",
        "return_code": 0,
        "execution_time": 289,
        "extra": {
          "hash": null,
          "timestamps": [
            {
              "owner": "file",
              "atime": false,
              "mtime": true,
              "ctime": true
            }
          ]
        }
      }
    },
    {
      "Success": {
        "operation": "OPEN",
        "return_code": 3,
        "execution_time": 8,
        "extra": {
          "hash": null,
          "timestamps": [
            {
              "owner": "file",
              "atime": false,
              "mtime": false,
              "ctime": false
            },
            {
              "owner": "parent",
              "atime": false,
              "mtime": false,
              "ctime": false
            }
          ]
        }
      }
    },
    {
      "Success": {
        "operation": "CREATE",
        "return_code": 4,
        "execution_time": 60,
        "extra": {
          "hash": null,
          "timestamps": [
            {
              "owner": "parent",
              "atime": false,
              "mtime": true,
              "ctime": true
            }
          ]
        }
      }
    },
    {
      "Success": {
        "operation": "RENAME",
        "return_code": 0,
        "execution_time": 37,
        "extra": {
          "hash": null,
          "timestamps": [
            {
              "owner": "old parent",
              "atime": false,
              "mtime": true,
              "ctime": true
            },
            {
              "owner": "new parent",
              "atime": false,
              "mtime": true,
              "ctime": true
            }
          ]
        }
      }
    },
    {
      "Success": {
        "operation": "CREATE",
        "return_code": 4,
        "execution_time": 47,
        "extra": {
          "hash": null,
          "timestamps": [
            {
              "owner": "parent",
              "atime": false,
              "mtime": true,
              "ctime": true
            }
          ]
        }
      }
    },
    {
      "Success": {
        "operation": "LISTXATTR",
        "return_code": 0,
        "execution_time": 10,
        "extra": {
          "hash": 13646096770106105413,
          "timestamps": []
        }
      }
    },
    {
      "Failure": {
        "operation": "UNLINK",
        "subcall": "unlink",
        "return_code": -1,
        "errno": 2,
        "strerror": "No such file or directory"
      }
    },
    {
      "Success": {
        "operation": "PWRITE",
        "return_code": 65535,
        "execution_time": 284,
        "extra": {
          "hash": null,
          "timestamps": [
            {
              "owner": "file",
              "atime": false,
              "mtime": true,
              "ctime": true
            }
          ]
        }
      }
    },
    {
      "Success": {
        "operation": "CHMOD",
        "return_code": 0,
        "execution_time": 17,
        "extra": {
          "hash": null,
          "timestamps": [
            {
              "owner": "file",
              "atime": false,
              "mtime": false,
              "ctime": true
            }
          ]
        }
      }
    },
    {
      "Failure": {
        "operation": "LSEEK",
        "subcall": "lseek",
        "return_code": -1,
        "errno": 22,
        "strerror": "Invalid argument"
      }
    },
    {
      "Success": {
        "operation": "FCHMOD",
        "return_code": 0,
        "execution_time": 14,
        "extra": {
          "hash": null,
          "timestamps": [
            {
              "owner": "file",
              "atime": false,
              "mtime": false,
              "ctime": true
            }
          ]
        }
      }
    },
    {
      "Failure": {
        "operation": "FCHMOD",
        "subcall": "fchmod",
        "return_code": -1,
        "errno": 9,
        "strerror": "Bad file descriptor"
      }
    },
    {
      "Failure": {
        "operation": "RMDIR",
        "subcall": "rmdir",
        "return_code": -1,
        "errno": 39,
        "strerror": "Directory not empty"
      }
    },
    {
      "Success": {
        "operation": "REMOVE",
        "return_code": 0,
        "execution_time": 68,
        "extra": {
          "hash": null,
          "timestamps": [
            {
              "owner": "parent",
              "atime": false,
              "mtime": true,
              "ctime": true
            }
          ]
        }
      }
    },
    {
      "Failure": {
        "operation": "HARDLINK",
        "subcall": "link",
        "return_code": -1,
        "errno": 17,
        "strerror": "File exists"
      }
    },
    {
      "Success": {
        "operation": "PWRITE",
        "return_code": 128,
        "execution_time": 22,
        "extra": {
          "hash": null,
          "timestamps": [
            {
              "owner": "file",
              "atime": false,
              "mtime": true,
              "ctime": true
            }
          ]
        }
      }
    },
    {
      "Success": {
        "operation": "FTRUNCATE",
        "return_code": 0,
        "execution_time": 53,
        "extra": {
          "hash": null,
          "timestamps": [
            {
              "owner": "file",
              "atime": false,
              "mtime": true,
              "ctime": true
            }
          ]
        }
      }
    },
    {
      "Success": {
        "operation": "FCHMODAT",
        "return_code": 0,
        "execution_time": 13,
        "extra": {
          "hash": null,
          "timestamps": [
            {
              "owner": "file",
              "atime": false,
              "mtime": false,
              "ctime": true
            }
          ]
        }
      }
    },
    {
      "Success": {
        "operation": "RENAME",
        "return_code": 0,
        "execution_time": 33,
        "extra": {
          "hash": null,
          "timestamps": [
            {
              "owner": "old parent",
              "atime": false,
              "mtime": true,
              "ctime": true
            },
            {
              "owner": "new parent",
              "atime": false,
              "mtime": true,
              "ctime": true
            }
          ]
        }
      }
    },
    {
      "Success": {
        "operation": "SETXATTR",
        "return_code": 0,
        "execution_time": 33,
        "extra": {
          "hash": null,
          "timestamps": []
        }
      }
    },
    {
      "Success": {
        "operation": "MKDIR",
        "return_code": 0,
        "execution_time": 264,
        "extra": {
          "hash": null,
          "timestamps": [
            {
              "owner": "parent",
              "atime": false,
              "mtime": true,
              "ctime": true
            }
          ]
        }
      }
    },
    {
      "Success": {
        "operation": "CHMOD",
        "return_code": 0,
        "execution_time": 14,
        "extra": {
          "hash": null,
          "timestamps": [
            {
              "owner": "file",
              "atime": false,
              "mtime": false,
              "ctime": true
            }
          ]
        }
      }
    },
    {
      "Success": {
        "operation": "TRUNCATE",
        "return_code": 0,
        "execution_time": 17,
        "extra": {
          "hash": null,
          "timestamps": [
            {
              "owner": "file",
              "atime": false,
              "mtime": true,
              "ctime": true
            }
          ]
        }
      }
    },
    {
      "Success": {
        "operation": "GETXATTR",
        "return_code": 100,
        "execution_time": 13,
        "extra": {
          "hash": 3210913294669342694,
          "timestamps": []
        }
      }
    },
    {
      "Success": {
        "operation": "LSEEK",
        "return_code": 17,
        "execution_time": 1,
        "extra": {
          "hash": null,
          "timestamps": []
        }
      }
    },
    {
      "Failure": {
        "operation": "FCHMOD",
        "subcall": "fchmod",
        "return_code": -1,
        "errno": 9,
        "strerror": "Bad file descriptor"
      }
    },
    {
      "Success": {
        "operation": "WRITE",
        "return_code": 100000,
        "execution_time": 97,
        "extra": {
          "hash": null,
          "timestamps": [
            {
              "owner": "file",
              "atime": false,
              "mtime": true,
              "ctime": true
            }
          ]
        }
      }
    },
    {
      "Failure": {
        "operation": "READ",
        "subcall": "read",
        "return_code": -1,
        "errno": 9,
        "strerror": "Bad file descriptor"
      }
    },
    {
      "Success": {
        "operation": "CREATE",
        "return_code": 4,
        "execution_time": 141,
        "extra": {
          "hash": null,
          "timestamps": [
            {
              "owner": "parent",
              "atime": false,
              "mtime": true,
              "ctime": true
            }
          ]
        }
      }
    },
    {
      "Success": {
        "operation": "FCHMOD",
        "return_code": 0,
        "execution_time": 14,
        "extra": {
          "hash": null,
          "timestamps": [
            {
              "owner": "file",
              "atime": false,
              "mtime": false,
              "ctime": true
            }
          ]
        }
      }
    },
    {
      "Success": {
        "operation": "FCHMODAT",
        "return_code": 0,
        "execution_time": 19,
        "extra": {
          "hash": null,
          "timestamps": [
            {
              "owner": "file",
              "atime": false,
              "mtime": false,
              "ctime": true
            }
          ]
        }
      }
    },
    {
      "Success": {
        "operation": "MKDIR",
        "return_code": 0,
        "execution_time": 202,
        "extra": {
          "hash": null,
          "timestamps": [
            {
              "owner": "parent",
              "atime": false,
              "mtime": true,
              "ctime": true
            }
          ]
        }
      }
    },
    {
      "Success": {
        "operation": "WRITE",
        "return_code": 512,
        "execution_time": 13,
        "extra": {
          "hash": null,
          "timestamps": [
            {
              "owner": "file",
              "atime": false,
              "mtime": true,
              "ctime": true
            }
          ]
        }
      }
    },
    {
      "Success": {
        "operation": "PREAD",
        "return_code": 16,
        "execution_time": 10,
        "extra": {
          "hash": 11825799455775603623,
          "timestamps": [
            {
              "owner": "file",
              "atime": true,
              "mtime": false,
              "ctime": false
            }
          ]
        }
      }
    },
    {
      "Success": {
        "operation": "CHMOD",
        "return_code": 0,
        "execution_time": 12,
        "extra": {
          "hash": null,
          "timestamps": [
            {
              "owner": "file",
              "atime": false,
              "mtime": false,
              "ctime": true
            }
          ]
        }
      }
    },
    {
      "Failure": {
        "operation": "FCHMODAT",
        "subcall": "fchmodat",
        "return_code": -1,
        "errno": 2,
        "strerror": "No such file or directory"
      }
    },
    {
      "Success": {
        "operation": "MKDIR",
        "return_code": 0,
        "execution_time": 116,
        "extra": {
          "hash": null,
          "timestamps": [
            {
              "owner": "parent",
              "atime": false,
              "mtime": true,
              "ctime": true
            }
          ]
        }
      }
    },
    {
      "Success": {
        "operation": "SHRINK",
        "return_code": 0,
        "execution_time": 531,
        "extra": {
          "hash": null,
          "timestamps": [
            {
              "owner": "dir",
              "atime": true,
              "mtime": true,
              "ctime": true
            }
          ]
        }
      }
    },
    {
      "Success": {
        "operation": "WRITE",
        "return_code": 65535,
        "execution_time": 44,
        "extra": {
          "hash": null,
          "timestamps": [
            {
              "owner": "file",
              "atime": false,
              "mtime": true,
              "ctime": true
            }
          ]
        }
      }
    },
    {
      "Success": {
        "operation": "PREAD",
        "return_code": 32767,
        "execution_time": 5,
        "extra": {
          "hash": 10280220722851148542,
          "timestamps": [
            {
              "owner": "file",
              "atime": false,
              "mtime": false,
              "ctime": false
            }
          ]
        }
      }
    },
    {
      "Success": {
        "operation": "FCHMODAT",
        "return_code": 0,
        "execution_time": 13,
        "extra": {
          "hash": null,
          "timestamps": [
            {
              "owner": "file",
              "atime": false,
              "mtime": false,
              "ctime": true
            }
          ]
        }
      }
    },
    {
      "Failure": {
        "operation": "FSYNC",
        "subcall": "fsync",
        "return_code": -1,
        "errno": 9,
        "strerror": "Bad file descriptor"
      }
    },
    {
      "Success": {
        "operation": "CHMOD",
        "return_code": 0,
        "execution_time": 18,
        "extra": {
          "hash": null,
          "timestamps": [
            {
              "owner": "file",
              "atime": false,
              "mtime": false,
              "ctime": true
            }
          ]
        }
      }
    },
    {
      "Success": {
        "operation": "MKDIR",
        "return_code": 0,
        "execution_time": 131,
        "extra": {
          "hash": null,
          "timestamps": [
            {
              "owner": "parent",
              "atime": false,
              "mtime": true,
              "ctime": true
            }
          ]
        }
      }
    },
    {
      "Success": {
        "operation": "WRITE",
        "return_code": 16,
        "execution_time": 13,
        "extra": {
          "hash": null,
          "timestamps": [
            {
              "owner": "file",
              "atime": false,
              "mtime": true,
              "ctime": true
            }
          ]
        }
      }
    },
    {
      "Success": {
        "operation": "WRITE",
        "return_code": 32767,
        "execution_time": 23,
        "extra": {
          "hash": null,
          "timestamps": [
            {
              "owner": "file",
              "atime": false,
              "mtime": true,
              "ctime": true
            }
          ]
        }
      }
    },
    {
      "Success": {
        "operation": "PREAD",
        "return_code": 255,
        "execution_time": 9,
        "extra": {
          "hash": 10661211570169709170,
          "timestamps": [
            {
              "owner": "file",
              "atime": true,
              "mtime": false,
              "ctime": false
            }
          ]
        }
      }
    },
    {
      "Success": {
        "operation": "FTRUNCATE",
        "return_code": 0,
        "execution_time": 304,
        "extra": {
          "hash": null,
          "timestamps": [
            {
              "owner": "file",
              "atime": false,
              "mtime": true,
              "ctime": true
            }
          ]
        }
      }
    },
    {
      "Success": {
        "operation": "CHMOD",
        "return_code": 0,
        "execution_time": 13,
        "extra": {
          "hash": null,
          "timestamps": [
            {
              "owner": "file",
              "atime": false,
              "mtime": false,
              "ctime": true
            }
          ]
        }
      }
    },
    {
      "Success": {
        "operation": "LISTXATTR",
        "return_code": 0,
        "execution_time": 13,
        "extra": {
          "hash": 13646096770106105413,
          "timestamps": []
        }
      }
    },
    {
      "Failure": {
        "operation": "READ",
        "subcall": "read",
        "return_code": -1,
        "errno": 9,
        "strerror": "Bad file descriptor"
      }
    },
    {
      "Failure": {
        "operation": "FSYNC",
        "subcall": "fsync",
        "return_code": -1,
        "errno": 9,
        "strerror": "Bad file descriptor"
      }
    },
    {
      "Success": {
        "operation": "PWRITE",
        "return_code": 1000,
        "execution_time": 39,
        "extra": {
          "hash": null,
          "timestamps": [
            {
              "owner": "file",
              "atime": false,
              "mtime": true,
              "ctime": true
            }
          ]
        }
      }
    },
    {
      "Success": {
        "operation": "CLOSE",
        "return_code": 0,
        "execution_time": 180,
        "extra": {
          "hash": null,
          "timestamps": []
        }
      }
    },
    {
      "Failure": {
        "operation": "FCHMOD",
        "subcall": "fchmod",
        "return_code": -1,
        "errno": 9,
        "strerror": "Bad file descriptor"
      }
    },
    {
      "Failure": {
        "operation": "TRUNCATE",
        "subcall": "truncate",
        "return_code": -1,
        "errno": 2,
        "strerror": "No such file or directory"
      }
    },
    {
      "Success": {
        "operation": "OPEN",
        "return_code": 3,
        "execution_time": 11,
        "extra": {
          "hash": null,
          "timestamps": [
            {
              "owner": "file",
              "atime": false,
              "mtime": false,
              "ctime": false
            },
            {
              "owner": "parent",
              "atime": false,
              "mtime": false,
              "ctime": false
            }
          ]
        }
      }
    },
    {
      "Failure": {
        "operation": "GETXATTR",
        "subcall": "getxattr",
        "return_code": -1,
        "errno": 2,
        "strerror": "No such file or directory"
      }
    },
    {
      "Failure": {
        "operation": "SETXATTR",
        "subcall": "setxattr",
        "return_code": -1,
        "errno": 2,
        "strerror": "No such file or directory"
      }
    },
    {
      "Success": {
        "operation": "SETXATTR",
        "return_code": 0,
        "execution_time": 80,
        "extra": {
          "hash": null,
          "timestamps": []
        }
      }
    },
    {
      "Success": {
        "operation": "SETXATTR",
        "return_code": 0,
        "execution_time": 28,
        "extra": {
          "hash": null,
          "timestamps": []
        }
      }
    },
    {
      "Failure": {
        "operation": "RMDIR",
        "subcall": "rmdir",
        "return_code": -1,
        "errno": 39,
        "strerror": "Directory not empty"
      }
    },
    {
      "Failure": {
        "operation": "READ",
        "subcall": "read",
        "return_code": -1,
        "errno": 21,
        "strerror": "Is a directory"
      }
    },
    {
      "Failure": {
        "operation": "CHMOD",
        "subcall": "chmod",
        "return_code": -1,
        "errno": 2,
        "strerror": "No such file or directory"
      }
    },
    {
      "Failure": {
        "operation": "PREAD",
        "subcall": "pread",
        "return_code": -1,
        "errno": 21,
        "strerror": "Is a directory"
      }
    },
    {
      "Success": {
        "operation": "FCHMOD",
        "return_code": 0,
        "execution_time": 46,
        "extra": {
          "hash": null,
          "timestamps": [
            {
              "owner": "file",
              "atime": false,
              "mtime": false,
              "ctime": true
            }
          ]
        }
      }
    },
    {
      "Success": {
        "operation": "CLOSE",
        "return_code": 0,
        "execution_time": 9,
        "extra": {
          "hash": null,
          "timestamps": []
        }
      }
    },
    {
      "Success": {
        "operation": "CREATE",
        "return_code": 3,
        "execution_time": 68,
        "extra": {
          "hash": null,
          "timestamps": [
            {
              "owner": "parent",
              "atime": false,
              "mtime": true,
              "ctime": true
            }
          ]
        }
      }
    },
    {
      "Success": {
        "operation": "OPEN",
        "return_code": 3,
        "execution_time": 7,
        "extra": {
          "hash": null,
          "timestamps": [
            {
              "owner": "file",
              "atime": false,
              "mtime": false,
              "ctime": false
            },
            {
              "owner": "parent",
              "atime": false,
              "mtime": false,
              "ctime": false
            }
          ]
        }
      }
    },
    {
      "Failure": {
        "operation": "GETXATTR",
        "subcall": "getxattr",
        "return_code": -1,
        "errno": 2,
        "strerror": "No such file or directory"
      }
    },
    {
      "Success": {
        "operation": "FTRUNCATE",
        "return_code": 0,
        "execution_time": 23,
        "extra": {
          "hash": null,
          "timestamps": [
            {
              "owner": "file",
              "atime": false,
              "mtime": true,
              "ctime": true
            }
          ]
        }
      }
    },
    {
      "Success": {
        "operation": "LSEEK",
        "return_code": 1,
        "execution_time": 1,
        "extra": {
          "hash": null,
          "timestamps": []
        }
      }
    },
    {
      "Success": {
        "operation": "MKDIR",
        "return_code": 0,
        "execution_time": 116,
        "extra": {
          "hash": null,
          "timestamps": [
            {
              "owner": "parent",
              "atime": false,
              "mtime": true,
              "ctime": true
            }
          ]
        }
      }
    },
    {
      "Success": {
        "operation": "FTRUNCATE",
        "return_code": 0,
        "execution_time": 17,
        "extra": {
          "hash": null,
          "timestamps": [
            {
              "owner": "file",
              "atime": false,
              "mtime": true,
              "ctime": true
            }
          ]
        }
      }
    },
    {
      "Success": {
        "operation": "MKDIRAT",
        "return_code": 0,
        "execution_time": 324,
        "extra": {
          "hash": null,
          "timestamps": [
            {
              "owner": "parent",
              "atime": false,
              "mtime": true,
              "ctime": true
            }
          ]
        }
      }
    },
    {
      "Failure": {
        "operation": "FCHMOD",
        "subcall": "fchmod",
        "return_code": -1,
        "errno": 9,
        "strerror": "Bad file descriptor"
      }
    },
    {
      "Failure": {
        "operation": "PREAD",
        "subcall": "pread",
        "return_code": -1,
        "errno": 9,
        "strerror": "Bad file descriptor"
      }
    },
    {
      "Success": {
        "operation": "SHRINK",
        "return_code": 0,
        "execution_time": 185,
        "extra": {
          "hash": null,
          "timestamps": [
            {
              "owner": "dir",
              "atime": true,
              "mtime": true,
              "ctime": true
            }
          ]
        }
      }
    },
    {
      "Success": {
        "operation": "CHMOD",
        "return_code": 0,
        "execution_time": 14,
        "extra": {
          "hash": null,
          "timestamps": [
            {
              "owner": "file",
              "atime": false,
              "mtime": false,
              "ctime": true
            }
          ]
        }
      }
    },
    {
      "Success": {
        "operation": "REMOVEXATTR",
        "return_code": 0,
        "execution_time": 22,
        "extra": {
          "hash": null,
          "timestamps": []
        }
      }
    },
    {
      "Success": {
        "operation": "FTRUNCATE",
        "return_code": 0,
        "execution_time": 11,
        "extra": {
          "hash": null,
          "timestamps": [
            {
              "owner": "file",
              "atime": false,
              "mtime": true,
              "ctime": true
            }
          ]
        }
      }
    },
    {
      "Success": {
        "operation": "RENAME",
        "return_code": 0,
        "execution_time": 36,
        "extra": {
          "hash": null,
          "timestamps": [
            {
              "owner": "old parent",
              "atime": false,
              "mtime": true,
              "ctime": true
            },
            {
              "owner": "new parent",
              "atime": false,
              "mtime": true,
              "ctime": true
            }
          ]
        }
      }
    },
    {
      "Failure": {
        "operation": "OPEN",
        "subcall": "open",
        "return_code": -1,
        "errno": 22,
        "strerror": "Invalid argument"
      }
    },
    {
      "Failure": {
        "operation": "TRUNCATE",
        "subcall": "truncate",
        "return_code": -1,
        "errno": 2,
        "strerror": "No such file or directory"
      }
    }
  ]
}