{
  "success_n": 75,
  "failure_n": 25,
  "rows": [
    {
      "Success": {
        "operation": "MKDIR",
        "return_code": 0,
        "execution_time": 185,
        "extra": {
          "hash": null,
          "timestamps": [
            {
              "owner": "parent",
              "atime": false,
              "mtime": true,
              "ctime": true
            }
          ]
        }
      }
    },
    {
      "Success": {
        "operation": "LISTXATTR",
        "return_code": 0,
        "execution_time": 16,
        "extra": {
          "hash": 13646096770106105413,
          "timestamps": []
        }
      }
    },
    {
      "Success": {
        "operation": "CREATE",
        "return_code": 3,
        "execution_time": 69,
        "extra": {
          "hash": null,
          "timestamps": [
            {
              "owner": "parent",
              "atime": false,
              "mtime": true,
              "ctime": true
            }
          ]
        }
      }
    },
    {
      "Success": {
        "operation": "OPEN",
        "return_code": 3,
        "execution_time": 9,
        "extra": {
          "hash": null,
          "timestamps": [
            {
              "owner": "file",
              "atime": false,
              "mtime": false,
              "ctime": false
            },
            {
              "owner": "parent",
              "atime": false,
              "mtime": false,
              "ctime": false
            }
          ]
        }
      }
    },
    {
      "Success": {
        "operation": "CREATE",
        "return_code": 4,
        "execution_time": 66,
        "extra": {
          "hash": null,
          "timestamps": [
            {
              "owner": "parent",
              "atime": false,
              "mtime": true,
              "ctime": true
            }
          ]
        }
      }
    },
    {
      "Success": {
        "operation": "LISTXATTR",
        "return_code": 0,
        "execution_time": 14,
        "extra": {
          "hash": 13646096770106105413,
          "timestamps": []
        }
      }
    },
    {
      "Success": {
        "operation": "FCHMODAT",
        "return_code": 0,
        "execution_time": 18,
        "extra": {
          "hash": null,
          "timestamps": [
            {
              "owner": "file",
              "atime": false,
              "mtime": false,
              "ctime": true
            }
          ]
        }
      }
    },
    {
      "Success": {
        "operation": "SETXATTR",
        "return_code": 0,
        "execution_time": 53,
        "extra": {
          "hash": null,
          "timestamps": []
        }
      }
    },
    {
      "Success": {
        "operation": "FCHMOD",
        "return_code": 0,
        "execution_time": 14,
        "extra": {
          "hash": null,
          "timestamps": [
            {
              "owner": "file",
              "atime": false,
              "mtime": false,
              "ctime": true
            }
          ]
        }
      }
    },
    {
      "Success": {
        "operation": "SETXATTR",
        "return_code": 0,
        "execution_time": 214,
        "extra": {
          "hash": null,
          "timestamps": []
        }
      }
    },
    {
      "Success": {
        "operation": "MKDIR",
        "return_code": 0,
        "execution_time": 314,
        "extra": {
          "hash": null,
          "timestamps": [
            {
              "owner": "parent",
              "atime": false,
              "mtime": true,
              "ctime": true
            }
          ]
        }
      }
    },
    {
      "Success": {
        "operation": "MKDIR",
        "return_code": 0,
        "execution_time": 248,
        "extra": {
          "hash": null,
          "timestamps": [
            {
              "owner": "parent",
              "atime": false,
              "mtime": true,
              "ctime": true
            }
          ]
        }
      }
    },
    {
      "Success": {
        "operation": "FCHMOD",
        "return_code": 0,
        "execution_time": 12,
        "extra": {
          "hash": null,
          "timestamps": [
            {
              "owner": "file",
              "atime": false,
              "mtime": false,
              "ctime": true
            }
          ]
        }
      }
    },
    {
      "Failure": {
        "operation": "PREAD",
        "subcall": "pread",
        "return_code": -1,
        "errno": 21,
        "strerror": "Is a directory"
      }
    },
    {
      "Success": {
        "operation": "MKDIRAT",
        "return_code": 0,
        "execution_time": 255,
        "extra": {
          "hash": null,
          "timestamps": [
            {
              "owner": "parent",
              "atime": false,
              "mtime": true,
              "ctime": true
            }
          ]
        }
      }
    },
    {
      "Success": {
        "operation": "MKDIRAT",
        "return_code": 0,
        "execution_time": 98,
        "extra": {
          "hash": null,
          "timestamps": [
            {
              "owner": "parent",
              "atime": false,
              "mtime": true,
              "ctime": true
            }
          ]
        }
      }
    },
    {
      "Success": {
        "operation": "FSYNC",
        "return_code": 0,
        "execution_time": 173,
        "extra": {
          "hash": null,
          "timestamps": []
        }
      }
    },
    {
      "Success": {
        "operation": "FCHMODAT",
        "return_code": 0,
        "execution_time": 18,
        "extra": {
          "hash": null,
          "timestamps": [
            {
              "owner": "file",
              "atime": false,
              "mtime": false,
              "ctime": true
            }
          ]
        }
      }
    },
    {
      "Success": {
        "operation": "FCHMOD",
        "return_code": 0,
        "execution_time": 8,
        "extra": {
          "hash": null,
          "timestamps": [
            {
              "owner": "file",
              "atime": false,
              "mtime": false,
              "ctime": true
            }
          ]
        }
      }
    },
    {
      "Success": {
        "operation": "GETXATTR",
        "return_code": 32,
        "execution_time": 25,
        "extra": {
          "hash": 2121495960292065431,
          "timestamps": []
        }
      }
    },
    {
      "Success": {
        "operation": "FCHMODAT",
        "return_code": 0,
        "execution_time": 14,
        "extra": {
          "hash": null,
          "timestamps": [
            {
              "owner": "file",
              "atime": false,
              "mtime": false,
              "ctime": true
            }
          ]
        }
      }
    },
    {
      "Success": {
        "operation": "HARDLINK",
        "return_code": 0,
        "execution_time": 42,
        "extra": {
          "hash": null,
          "timestamps": [
            {
              "owner": "old file",
              "atime": false,
              "mtime": false,
              "ctime": true
            },
            {
              "owner": "parent",
              "atime": false,
              "mtime": true,
              "ctime": true
            }
          ]
        }
      }
    },
    {
      "Failure": {
        "operation": "HARDLINK",
        "subcall": "link",
        "return_code": -1,
        "errno": 17,
        "strerror": "File exists"
      }
    },
    {
      "Success": {
        "operation": "FCHMODAT",
        "return_code": 0,
        "execution_time": 15,
        "extra": {
          "hash": null,
          "timestamps": [
            {
              "owner": "file",
              "atime": false,
              "mtime": false,
              "ctime": true
            }
          ]
        }
      }
    },
    {
      "Success": {
        "operation": "RENAME",
        "return_code": 0,
        "execution_time": 9,
        "extra": {
          "hash": null,
          "timestamps": [
            {
              "owner": "old parent",
              "atime": false,
              "mtime": false,
              "ctime": false
            },
            {
              "owner": "new parent",
              "atime": false,
              "mtime": false,
              "ctime": false
            }
          ]
        }
      }
    },
    {
      "Success": {
        "operation": "MKDIR",
        "return_code": 0,
        "execution_time": 74,
        "extra": {
          "hash": null,
          "timestamps": [
            {
              "owner": "parent",
              "atime": false,
              "mtime": true,
              "ctime": true
            }
          ]
        }
      }
    },
    {
      "Failure": {
        "operation": "GETXATTR",
        "subcall": "getxattr",
        "return_code": -1,
        "errno": 61,
        "strerror": "No data available"
      }
    },
    {
      "Success": {
        "operation": "UNLINKAT",
        "return_code": 0,
        "execution_time": 22,
        "extra": {
          "hash": null,
          "timestamps": [
            {
              "owner": "parent",
              "atime": false,
              "mtime": true,
              "ctime": true
            }
          ]
        }
      }
    },
    {
      "Failure": {
        "operation": "RENAME",
        "subcall": "rename",
        "return_code": -1,
        "errno": 20,
        "strerror": "Not a directory"
      }
    },
    {
      "Success": {
        "operation": "HARDLINKAT",
        "return_code": 0,
        "execution_time": 36,
        "extra": {
          "hash": null,
          "timestamps": [
            {
              "owner": "old file",
              "atime": false,
              "mtime": false,
              "ctime": true
            },
            {
              "owner": "old parent",
              "atime": false,
              "mtime": false,
              "ctime": false
            },
            {
              "owner": "new parent",
              "atime": false,
              "mtime": true,
              "ctime": true
            }
          ]
        }
      }
    },
    {
      "Success": {
        "operation": "GETXATTR",
        "return_code": 64,
        "execution_time": 14,
        "extra": {
          "hash": 2506479568179722955,
          "timestamps": []
        }
      }
    },
    {
      "Success": {
        "operation": "OPEN",
        "return_code": 4,
        "execution_time": 14,
        "extra": {
          "hash": null,
          "timestamps": [
            {
              "owner": "file",
              "atime": false,
              "mtime": false,
              "ctime": false
            },
            {
              "owner": "parent",
              "atime": false,
              "mtime": false,
              "ctime": false
            }
          ]
        }
      }
    },
    {
      "Success": {
        "operation": "LISTXATTR",
        "return_code": 0,
        "execution_time": 10,
        "extra": {
          "hash": 13646096770106105413,
          "timestamps": []
        }
      }
    },
    {
      "Success": {
        "operation": "TRUNCATE",
        "return_code": 0,
        "execution_time": 23,
        "extra": {
          "hash": null,
          "timestamps": [
            {
              "owner": "file",
              "atime": false,
              "mtime": true,
              "ctime": true
            }
          ]
        }
      }
    },
    {
      "Success": {
        "operation": "CREATE",
        "return_code": 5,
        "execution_time": 76,
        "extra": {
          "hash": null,
          "timestamps": [
            {
              "owner": "parent",
              "atime": false,
              "mtime": true,
              "ctime": true
            }
          ]
        }
      }
    },
    {
      "Success": {
        "operation": "LISTXATTR",
        "return_code": 384,
        "execution_time": 13,
        "extra": {
          "hash": 14585945711574380494,
          "timestamps": []
        }
      }
    },
    {
      "Success": {
        "operation": "LISTXATTR",
        "return_code": 0,
        "execution_time": 9,
        "extra": {
          "hash": 13646096770106105413,
          "timestamps": []
        }
      }
    },
    {
      "Success": {
        "operation": "SYMLINK",
        "return_code": 0,
        "execution_time": 56,
        "extra": {
          "hash": null,
          "timestamps": [
            {
              "owner": "parent",
              "atime": false,
              "mtime": true,
              "ctime": true
            }
          ]
        }
      }
    },
    {
      "Success": {
        "operation": "CHMOD",
        "return_code": 0,
        "execution_time": 14,
        "extra": {
          "hash": null,
          "timestamps": [
            {
              "owner": "file",
              "atime": false,
              "mtime": false,
              "ctime": true
            }
          ]
        }
      }
    },
    {
      "Success": {
        "operation": "GETXATTR",
        "return_code": 32,
        "execution_time": 168,
        "extra": {
          "hash": 2121495960292065431,
          "timestamps": []
        }
      }
    },
    {
      "Success": {
        "operation": "FSYNC",
        "return_code": 0,
        "execution_time": 102,
        "extra": {
          "hash": null,
          "timestamps": []
        }
      }
    },
    {
      "Failure": {
        "operation": "HARDLINKAT",
        "subcall": "linkat",
        "return_code": -1,
        "errno": 20,
        "strerror": "Not a directory"
      }
    },
    {
      "Success": {
        "operation": "FSYNC",
        "return_code": 0,
        "execution_time": 0,
        "extra": {
          "hash": null,
          "timestamps": []
        }
      }
    },
    {
      "Success": {
        "operation": "CREATE",
        "return_code": 5,
        "execution_time": 105,
        "extra": {
          "hash": null,
          "timestamps": [
            {
              "owner": "parent",
              "atime": false,
              "mtime": true,
              "ctime": true
            }
          ]
        }
      }
    },
    {
      "Success": {
        "operation": "CHMOD",
        "return_code": 0,
        "execution_time": 64,
        "extra": {
          "hash": null,
          "timestamps": [
            {
              "owner": "file",
              "atime": false,
              "mtime": false,
              "ctime": true
            }
          ]
        }
      }
    },
    {
      "Failure": {
        "operation": "RENAME",
        "subcall": "rename",
        "return_code": -1,
        "errno": 20,
        "strerror": "Not a directory"
      }
    },
    {
      "Success": {
        "operation": "CHMOD",
        "return_code": 0,
        "execution_time": 17,
        "extra": {
          "hash": null,
          "timestamps": [
            {
              "owner": "file",
              "atime": false,
              "mtime": false,
              "ctime": true
            }
          ]
        }
      }
    },
    {
      "Success": {
        "operation": "TRUNCATE",
        "return_code": 0,
        "execution_time": 42,
        "extra": {
          "hash": null,
          "timestamps": [
            {
              "owner": "file",
              "atime": false,
              "mtime": true,
              "ctime": true
            }
          ]
        }
      }
    },
    {
      "Success": {
        "operation": "SETXATTR",
        "return_code": 0,
        "execution_time": 63,
        "extra": {
          "hash": null,
          "timestamps": []
        }
      }
    },
    {
      "Failure": {
        "operation": "CREATE",
        "subcall": "creat",
        "return_code": -1,
        "errno": 20,
        "strerror": "Not a directory"
      }
    },
    {
      "Failure": {
        "operation": "PREAD",
        "subcall": "pread",
        "return_code": -1,
        "errno": 21,
        "strerror": "Is a directory"
      }
    },
    {
      "Success": {
        "operation": "GETXATTR",
        "return_code": 64,
        "execution_time": 24,
        "extra": {
          "hash": 2506479568179722955,
          "timestamps": []
        }
      }
    },
    {
      "Failure": {
        "operation": "PREAD",
        "subcall": "pread",
        "return_code": -1,
        "errno": 21,
        "strerror": "Is a directory"
      }
    },
    {
      "Success": {
        "operation": "HARDLINK",
        "return_code": 0,
        "execution_time": 66,
        "extra": {
          "hash": null,
          "timestamps": [
            {
              "owner": "old file",
              "atime": false,
              "mtime": false,
              "ctime": true
            },
            {
              "owner": "parent",
              "atime": false,
              "mtime": true,
              "ctime": true
            }
          ]
        }
      }
    },
    {
      "Success": {
        "operation": "CHMOD",
        "return_code": 0,
        "execution_time": 15,
        "extra": {
          "hash": null,
          "timestamps": [
            {
              "owner": "file",
              "atime": false,
              "mtime": false,
              "ctime": true
            }
          ]
        }
      }
    },
    {
      "Success": {
        "operation": "OPEN",
        "return_code": 5,
        "execution_time": 12,
        "extra": {
          "hash": null,
          "timestamps": [
            {
              "owner": "file",
              "atime": false,
              "mtime": false,
              "ctime": false
            },
            {
              "owner": "parent",
              "atime": false,
              "mtime": false,
              "ctime": false
            }
          ]
        }
      }
    },
    {
      "Success": {
        "operation": "CREATE",
        "return_code": 6,
        "execution_time": 77,
        "extra": {
          "hash": null,
          "timestamps": [
            {
              "owner": "parent",
              "atime": false,
              "mtime": true,
              "ctime": true
            }
          ]
        }
      }
    },
    {
      "Success": {
        "operation": "PREAD",
        "return_code": 0,
        "execution_time": 11,
        "extra": {
          "hash": 1873913666579263196,
          "timestamps": [
            {
              "owner": "file",
              "atime": true,
              "mtime": false,
              "ctime": false
            }
          ]
        }
      }
    },
    {
      "Success": {
        "operation": "MKDIRAT",
        "return_code": 0,
        "execution_time": 61,
        "extra": {
          "hash": null,
          "timestamps": [
            {
              "owner": "parent",
              "atime": false,
              "mtime": true,
              "ctime": true
            }
          ]
        }
      }
    },
    {
      "Success": {
        "operation": "LSEEK",
        "return_code": 0,
        "execution_time": 1,
        "extra": {
          "hash": null,
          "timestamps": []
        }
      }
    },
    {
      "Success": {
        "operation": "TRUNCATE",
        "return_code": 0,
        "execution_time": 31,
        "extra": {
          "hash": null,
          "timestamps": [
            {
              "owner": "file",
              "atime": false,
              "mtime": true,
              "ctime": true
            }
          ]
        }
      }
    },
    {
      "Success": {
        "operation": "OPEN",
        "return_code": 6,
        "execution_time": 12,
        "extra": {
          "hash": null,
          "timestamps": [
            {
              "owner": "file",
              "atime": false,
              "mtime": false,
              "ctime": false
            },
            {
              "owner": "parent",
              "atime": false,
              "mtime": false,
              "ctime": false
            }
          ]
        }
      }
    },
    {
      "Success": {
        "operation": "LISTXATTR",
        "return_code": 256,
        "execution_time": 22,
        "extra": {
          "hash": 5470674812620896984,
          "timestamps": []
        }
      }
    },
    {
      "Success": {
        "operation": "READ",
        "return_code": 127,
        "execution_time": 12,
        "extra": {
          "hash": 1873913666579263196,
          "timestamps": [
            {
              "owner": "file",
              "atime": false,
              "mtime": false,
              "ctime": false
            }
          ]
        }
      }
    },
    {
      "Success": {
        "operation": "OPEN",
        "return_code": 7,
        "execution_time": 9,
        "extra": {
          "hash": null,
          "timestamps": [
            {
              "owner": "file",
              "atime": false,
              "mtime": false,
              "ctime": false
            },
            {
              "owner": "parent",
              "atime": false,
              "mtime": false,
              "ctime": false
            }
          ]
        }
      }
    },
    {
      "Success": {
        "operation": "HARDLINK",
        "return_code": 0,
        "execution_time": 35,
        "extra": {
          "hash": null,
          "timestamps": [
            {
              "owner": "old file",
              "atime": false,
              "mtime": false,
              "ctime": false
            },
            {
              "owner": "parent",
              "atime": false,
              "mtime": true,
              "ctime": true
            }
          ]
        }
      }
    },
    {
      "Failure": {
        "operation": "FTRUNCATE",
        "subcall": "ftruncate",
        "return_code": -1,
        "errno": 22,
        "strerror": "Invalid argument"
      }
    },
    {
      "Failure": {
        "operation": "WRITE",
        "subcall": "write",
        "return_code": -1,
        "errno": 9,
        "strerror": "Bad file descriptor"
      }
    },
    {
      "Success": {
        "operation": "MKDIRAT",
        "return_code": 0,
        "execution_time": 87,
        "extra": {
          "hash": null,
          "timestamps": [
            {
              "owner": "parent",
              "atime": false,
              "mtime": true,
              "ctime": true
            }
          ]
        }
      }
    },
    {
      "Success": {
        "operation": "LISTXATTR",
        "return_code": 256,
        "execution_time": 19,
        "extra": {
          "hash": 5470674812620896984,
          "timestamps": []
        }
      }
    },
    {
      "Failure": {
        "operation": "HARDLINKAT",
        "subcall": "linkat",
        "return_code": -1,
        "errno": 20,
        "strerror": "Not a directory"
      }
    },
    {
      "Success": {
        "operation": "HARDLINKAT",
        "return_code": 0,
        "execution_time": 31,
        "extra": {
          "hash": null,
          "timestamps": [
            {
              "owner": "old file",
              "atime": false,
              "mtime": false,
              "ctime": true
            },
            {
              "owner": "old parent",
              "atime": false,
              "mtime": false,
              "ctime": false
            },
            {
              "owner": "new parent",
              "atime": false,
              "mtime": true,
              "ctime": true
            }
          ]
        }
      }
    },
    {
      "Failure": {
        "operation": "SYMLINK",
        "subcall": "symlink",
        "return_code": -1,
        "errno": 20,
        "strerror": "Not a directory"
      }
    },
    {
      "Failure": {
        "operation": "RENAME",
        "subcall": "rename",
        "return_code": -1,
        "errno": 20,
        "strerror": "Not a directory"
      }
    },
    {
      "Success": {
        "operation": "MKDIR",
        "return_code": 0,
        "execution_time": 69,
        "extra": {
          "hash": null,
          "timestamps": [
            {
              "owner": "parent",
              "atime": false,
              "mtime": true,
              "ctime": true
            }
          ]
        }
      }
    },
    {
      "Failure": {
        "operation": "HARDLINK",
        "subcall": "link",
        "return_code": -1,
        "errno": 20,
        "strerror": "Not a directory"
      }
    },
    {
      "Failure": {
        "operation": "FTRUNCATE",
        "subcall": "ftruncate",
        "return_code": -1,
        "errno": 22,
        "strerror": "Invalid argument"
      }
    },
    {
      "Success": {
        "operation": "HARDLINKAT",
        "return_code": 0,
        "execution_time": 30,
        "extra": {
          "hash": null,
          "timestamps": [
            {
              "owner": "old file",
              "atime": false,
              "mtime": false,
              "ctime": false
            },
            {
              "owner": "old parent",
              "atime": false,
              "mtime": false,
              "ctime": false
            },
            {
              "owner": "new parent",
              "atime": false,
              "mtime": true,
              "ctime": true
            }
          ]
        }
      }
    },
    {
      "Failure": {
        "operation": "FTRUNCATE",
        "subcall": "ftruncate",
        "return_code": -1,
        "errno": 22,
        "strerror": "Invalid argument"
      }
    },
    {
      "Failure": {
        "operation": "RENAME",
        "subcall": "rename",
        "return_code": -1,
        "errno": 20,
        "strerror": "Not a directory"
      }
    },
    {
      "Failure": {
        "operation": "READ",
        "subcall": "read",
        "return_code": -1,
        "errno": 21,
        "strerror": "Is a directory"
      }
    },
    {
      "Success": {
        "operation": "TRUNCATE",
        "return_code": 0,
        "execution_time": 32,
        "extra": {
          "hash": null,
          "timestamps": [
            {
              "owner": "file",
              "atime": false,
              "mtime": true,
              "ctime": true
            }
          ]
        }
      }
    },
    {
      "Success": {
        "operation": "FCHMOD",
        "return_code": 0,
        "execution_time": 11,
        "extra": {
          "hash": null,
          "timestamps": [
            {
              "owner": "file",
              "atime": false,
              "mtime": false,
              "ctime": true
            }
          ]
        }
      }
    },
    {
      "Failure": {
        "operation": "MKDIR",
        "subcall": "mkdir",
        "return_code": -1,
        "errno": 17,
        "strerror": "File exists"
      }
    },
    {
      "Failure": {
        "operation": "RMDIR",
        "subcall": "rmdir",
        "return_code": -1,
        "errno": 39,
        "strerror": "Directory not empty"
      }
    },
    {
      "Success": {
        "operation": "LISTXATTR",
        "return_code": 256,
        "execution_time": 26,
        "extra": {
          "hash": 5470674812620896984,
          "timestamps": []
        }
      }
    },
    {
      "Success": {
        "operation": "CREATE",
        "return_code": 8,
        "execution_time": 80,
        "extra": {
          "hash": null,
          "timestamps": [
            {
              "owner": "parent",
              "atime": false,
              "mtime": true,
              "ctime": true
            }
          ]
        }
      }
    },
    {
      "Success": {
        "operation": "READ",
        "return_code": 128,
        "execution_time": 5,
        "extra": {
          "hash": 1873913666579263196,
          "timestamps": [
            {
              "owner": "file",
              "atime": false,
              "mtime": false,
              "ctime": false
            }
          ]
        }
      }
    },
    {
      "Success": {
        "operation": "TRUNCATE",
        "return_code": 0,
        "execution_time": 18,
        "extra": {
          "hash": null,
          "timestamps": [
            {
              "owner": "file",
              "atime": false,
              "mtime": true,
              "ctime": true
            }
          ]
        }
      }
    },
    {
      "Success": {
        "operation": "HARDLINK",
        "return_code": 0,
        "execution_time": 31,
        "extra": {
          "hash": null,
          "timestamps": [
            {
              "owner": "old file",
              "atime": false,
              "mtime": false,
              "ctime": false
            },
            {
              "owner": "parent",
              "atime": false,
              "mtime": true,
              "ctime": true
            }
          ]
        }
      }
    },
    {
      "Failure": {
        "operation": "LSEEK",
        "subcall": "lseek",
        "return_code": -1,
        "errno": 22,
        "strerror": "Invalid argument"
      }
    },
    {
      "Success": {
        "operation": "FCHMOD",
        "return_code": 0,
        "execution_time": 17,
        "extra": {
          "hash": null,
          "timestamps": [
            {
              "owner": "file",
              "atime": false,
              "mtime": false,
              "ctime": true
            }
          ]
        }
      }
    },
    {
      "Success": {
        "operation": "CREATE",
        "return_code": 8,
        "execution_time": 60,
        "extra": {
          "hash": null,
          "timestamps": [
            {
              "owner": "parent",
              "atime": false,
              "mtime": true,
              "ctime": true
            }
          ]
        }
      }
    },
    {
      "Success": {
        "operation": "SETXATTR",
        "return_code": 0,
        "execution_time": 147,
        "extra": {
          "hash": null,
          "timestamps": []
        }
      }
    },
    {
      "Failure": {
        "operation": "RENAME",
        "subcall": "rename",
        "return_code": -1,
        "errno": 20,
        "strerror": "Not a directory"
      }
    },
    {
      "Success": {
        "operation": "CREATE",
        "return_code": 8,
        "execution_time": 63,
        "extra": {
          "hash": null,
          "timestamps": [
            {
              "owner": "parent",
              "atime": false,
              "mtime": true,
              "ctime": true
            }
          ]
        }
      }
    },
    {
      "Success": {
        "operation": "LSEEK",
        "return_code": 1,
        "execution_time": 1,
        "extra": {
          "hash": null,
          "timestamps": []
        }
      }
    },
    {
      "Failure": {
        "operation": "CREATE",
        "subcall": "creat",
        "return_code": -1,
        "errno": 21,
        "strerror": "Is a directory"
      }
    },
    {
      "Success": {
        "operation": "LSEEK",
        "return_code": 228,
        "execution_time": 0,
        "extra": {
          "hash": null,
          "timestamps": []
        }
      }
    },
    {
      "Failure": {
        "operation": "RMDIR",
        "subcall": "rmdir",
        "return_code": -1,
        "errno": 39,
        "strerror": "Directory not empty"
      }
    }
  ]
}