{
  "success_n": 27,
  "failure_n": 73,
  "rows": [
    {
      "Success": {
        "operation": "MKDIR",
        "return_code": 0,
        "execution_time": 306,
        "extra": {
          "hash": null,
          "timestamps": [
            {
              "owner": "parent",
              "atime": false,
              "mtime": true,
              "ctime": true
            }
          ]
        }
      }
    },
    {
      "Success": {
        "operation": "SETXATTR",
        "return_code": 0,
        "execution_time": 49,
        "extra": {
          "hash": null,
          "timestamps": []
        }
      }
    },
    {
      "Failure": {
        "operation": "CREATE",
        "subcall": "creat",
        "return_code": -1,
        "errno": 21,
        "strerror": "Is a directory"
      }
    },
    {
      "Success": {
        "operation": "LISTXATTR",
        "return_code": 256,
        "execution_time": 19,
        "extra": {
          "hash": 1153192144263697196,
          "timestamps": []
        }
      }
    },
    {
      "Success": {
        "operation": "MKDIR",
        "return_code": 0,
        "execution_time": 126,
        "extra": {
          "hash": null,
          "timestamps": [
            {
              "owner": "parent",
              "atime": false,
              "mtime": true,
              "ctime": true
            }
          ]
        }
      }
    },
    {
      "Success": {
        "operation": "OPEN",
        "return_code": 3,
        "execution_time": 12,
        "extra": {
          "hash": null,
          "timestamps": [
            {
              "owner": "file",
              "atime": false,
              "mtime": false,
              "ctime": false
            },
            {
              "owner": "parent",
              "atime": false,
              "mtime": false,
              "ctime": false
            }
          ]
        }
      }
    },
    {
      "Success": {
        "operation": "LISTXATTR",
        "return_code": 256,
        "execution_time": 12,
        "extra": {
          "hash": 1153192144263697196,
          "timestamps": []
        }
      }
    },
    {
      "Failure": {
        "operation": "LSEEK",
        "subcall": "lseek",
        "return_code": -1,
        "errno": 22,
        "strerror": "Invalid argument"
      }
    },
    {
      "Success": {
        "operation": "REMOVEXATTR",
        "return_code": 0,
        "execution_time": 37,
        "extra": {
          "hash": null,
          "timestamps": []
        }
      }
    },
    {
      "Success": {
        "operation": "FSYNC",
        "return_code": 0,
        "execution_time": 171,
        "extra": {
          "hash": null,
          "timestamps": []
        }
      }
    },
    {
      "Failure": {
        "operation": "GETXATTR",
        "subcall": "getxattr",
        "return_code": -1,
        "errno": 61,
        "strerror": "No data available"
      }
    },
    {
      "Success": {
        "operation": "CHMOD",
        "return_code": 0,
        "execution_time": 18,
        "extra": {
          "hash": null,
          "timestamps": [
            {
              "owner": "file",
              "atime": false,
              "mtime": false,
              "ctime": true
            }
          ]
        }
      }
    },
    {
      "Success": {
        "operation": "SYMLINK",
        "return_code": 0,
        "execution_time": 73,
        "extra": {
          "hash": null,
          "timestamps": [
            {
              "owner": "parent",
              "atime": false,
              "mtime": true,
              "ctime": true
            }
          ]
        }
      }
    },
    {
      "Failure": {
        "operation": "OPEN",
        "subcall": "open",
        "return_code": -1,
        "errno": 21,
        "strerror": "Is a directory"
      }
    },
    {
      "Success": {
        "operation": "MKDIR",
        "return_code": 0,
        "execution_time": 142,
        "extra": {
          "hash": null,
          "timestamps": [
            {
              "owner": "parent",
              "atime": false,
              "mtime": true,
              "ctime": true
            }
          ]
        }
      }
    },
    {
      "Failure": {
        "operation": "HARDLINK",
        "subcall": "link",
        "return_code": -1,
        "errno": 1,
        "strerror": "Operation not permitted"
      }
    },
    {
      "Failure": {
        "operation": "LSEEK",
        "subcall": "lseek",
        "return_code": -1,
        "errno": 9,
        "strerror": "Bad file descriptor"
      }
    },
    {
      "Failure": {
        "operation": "GETXATTR",
        "subcall": "getxattr",
        "return_code": -1,
        "errno": 61,
        "strerror": "No data available"
      }
    },
    {
      "Failure": {
        "operation": "PWRITE",
        "subcall": "pwrite",
        "return_code": -1,
        "errno": 9,
        "strerror": "Bad file descriptor"
      }
    },
    {
      "Failure": {
        "operation": "PREAD",
        "subcall": "pread",
        "return_code": -1,
        "errno": 21,
        "strerror": "Is a directory"
      }
    },
    {
      "Success": {
        "operation": "CHMOD",
        "return_code": 0,
        "execution_time": 31,
        "extra": {
          "hash": null,
          "timestamps": [
            {
              "owner": "file",
              "atime": false,
              "mtime": false,
              "ctime": true
            }
          ]
        }
      }
    },
    {
      "Failure": {
        "operation": "HARDLINK",
        "subcall": "link",
        "return_code": -1,
        "errno": 2,
        "strerror": "No such file or directory"
      }
    },
    {
      "Failure": {
        "operation": "FTRUNCATE",
        "subcall": "ftruncate",
        "return_code": -1,
        "errno": 9,
        "strerror": "Bad file descriptor"
      }
    },
    {
      "Failure": {
        "operation": "PWRITE",
        "subcall": "pwrite",
        "return_code": -1,
        "errno": 9,
        "strerror": "Bad file descriptor"
      }
    },
    {
      "Failure": {
        "operation": "RENAME",
        "subcall": "rename",
        "return_code": -1,
        "errno": 22,
        "strerror": "Invalid argument"
      }
    },
    {
      "Failure": {
        "operation": "HARDLINK",
        "subcall": "link",
        "return_code": -1,
        "errno": 2,
        "strerror": "No such file or directory"
      }
    },
    {
      "Success": {
        "operation": "CREATE",
        "return_code": 4,
        "execution_time": 82,
        "extra": {
          "hash": null,
          "timestamps": [
            {
              "owner": "parent",
              "atime": false,
              "mtime": true,
              "ctime": true
            }
          ]
        }
      }
    },
    {
      "Failure": {
        "operation": "LISTXATTR",
        "subcall": "listxattr",
        "return_code": -1,
        "errno": 2,
        "strerror": "No such file or directory"
      }
    },
    {
      "Failure": {
        "operation": "CHMOD",
        "subcall": "chmod",
        "return_code": -1,
        "errno": 2,
        "strerror": "No such file or directory"
      }
    },
    {
      "Success": {
        "operation": "LISTXATTR",
        "return_code": 0,
        "execution_time": 11,
        "extra": {
          "hash": 13646096770106105413,
          "timestamps": []
        }
      }
    },
    {
      "Failure": {
        "operation": "FCHMOD",
        "subcall": "fchmod",
        "return_code": -1,
        "errno": 9,
        "strerror": "Bad file descriptor"
      }
    },
    {
      "Failure": {
        "operation": "GETXATTR",
        "subcall": "getxattr",
        "return_code": -1,
        "errno": 61,
        "strerror": "No data available"
      }
    },
    {
      "Failure": {
        "operation": "RENAME",
        "subcall": "rename",
        "return_code": -1,
        "errno": 2,
        "strerror": "No such file or directory"
      }
    },
    {
      "Success": {
        "operation": "CLOSE",
        "return_code": 0,
        "execution_time": 8,
        "extra": {
          "hash": null,
          "timestamps": []
        }
      }
    },
    {
      "Failure": {
        "operation": "TRUNCATE",
        "subcall": "truncate",
        "return_code": -1,
        "errno": 2,
        "strerror": "No such file or directory"
      }
    },
    {
      "Failure": {
        "operation": "CREATE",
        "subcall": "creat",
        "return_code": -1,
        "errno": 2,
        "strerror": "No such file or directory"
      }
    },
    {
      "Failure": {
        "operation": "FSYNC",
        "subcall": "fsync",
        "return_code": -1,
        "errno": 9,
        "strerror": "Bad file descriptor"
      }
    },
    {
      "Failure": {
        "operation": "RENAME",
        "subcall": "rename",
        "return_code": -1,
        "errno": 2,
        "strerror": "No such file or directory"
      }
    },
    {
      "Failure": {
        "operation": "FCHMOD",
        "subcall": "fchmod",
        "return_code": -1,
        "errno": 9,
        "strerror": "Bad file descriptor"
      }
    },
    {
      "Failure": {
        "operation": "MKDIR",
        "subcall": "mkdir",
        "return_code": -1,
        "errno": 2,
        "strerror": "No such file or directory"
      }
    },
    {
      "Failure": {
        "operation": "PREAD",
        "subcall": "pread",
        "return_code": -1,
        "errno": 9,
        "strerror": "Bad file descriptor"
      }
    },
    {
      "Failure": {
        "operation": "SETXATTR",
        "subcall": "setxattr",
        "return_code": -1,
        "errno": 2,
        "strerror": "No such file or directory"
      }
    },
    {
      "Failure": {
        "operation": "CREATE",
        "subcall": "creat",
        "return_code": -1,
        "errno": 2,
        "strerror": "No such file or directory"
      }
    },
    {
      "Success": {
        "operation": "OPEN",
        "return_code": 3,
        "execution_time": 27,
        "extra": {
          "hash": null,
          "timestamps": [
            {
              "owner": "file",
              "atime": false,
              "mtime": false,
              "ctime": false
            },
            {
              "owner": "parent",
              "atime": false,
              "mtime": false,
              "ctime": false
            }
          ]
        }
      }
    },
    {
      "Failure": {
        "operation": "HARDLINK",
        "subcall": "link",
        "return_code": -1,
        "errno": 2,
        "strerror": "No such file or directory"
      }
    },
    {
      "Success": {
        "operation": "FCHMODAT",
        "return_code": 0,
        "execution_time": 50,
        "extra": {
          "hash": null,
          "timestamps": [
            {
              "owner": "file",
              "atime": false,
              "mtime": false,
              "ctime": true
            }
          ]
        }
      }
    },
    {
      "Failure": {
        "operation": "FCHMOD",
        "subcall": "fchmod",
        "return_code": -1,
        "errno": 9,
        "strerror": "Bad file descriptor"
      }
    },
    {
      "Failure": {
        "operation": "HARDLINKAT",
        "subcall": "linkat",
        "return_code": -1,
        "errno": 2,
        "strerror": "No such file or directory"
      }
    },
    {
      "Failure": {
        "operation": "TRUNCATE",
        "subcall": "truncate",
        "return_code": -1,
        "errno": 2,
        "strerror": "No such file or directory"
      }
    },
    {
      "Failure": {
        "operation": "RENAME",
        "subcall": "rename",
        "return_code": -1,
        "errno": 2,
        "strerror": "No such file or directory"
      }
    },
    {
      "Failure": {
        "operation": "CHMOD",
        "subcall": "chmod",
        "return_code": -1,
        "errno": 2,
        "strerror": "No such file or directory"
      }
    },
    {
      "Failure": {
        "operation": "FCHMODAT",
        "subcall": "fchmodat",
        "return_code": -1,
        "errno": 2,
        "strerror": "No such file or directory"
      }
    },
    {
      "Failure": {
        "operation": "READ",
        "subcall": "read",
        "return_code": -1,
        "errno": 9,
        "strerror": "Bad file descriptor"
      }
    },
    {
      "Failure": {
        "operation": "GETXATTR",
        "subcall": "getxattr",
        "return_code": -1,
        "errno": 2,
        "strerror": "No such file or directory"
      }
    },
    {
      "Failure": {
        "operation": "HARDLINK",
        "subcall": "link",
        "return_code": -1,
        "errno": 2,
        "strerror": "No such file or directory"
      }
    },
    {
      "Failure": {
        "operation": "GETXATTR",
        "subcall": "getxattr",
        "return_code": -1,
        "errno": 61,
        "strerror": "No data available"
      }
    },
    {
      "Failure": {
        "operation": "CREATE",
        "subcall": "creat",
        "return_code": -1,
        "errno": 21,
        "strerror": "Is a directory"
      }
    },
    {
      "Failure": {
        "operation": "RENAME",
        "subcall": "rename",
        "return_code": -1,
        "errno": 2,
        "strerror": "No such file or directory"
      }
    },
    {
      "Failure": {
        "operation": "CHMOD",
        "subcall": "chmod",
        "return_code": -1,
        "errno": 2,
        "strerror": "No such file or directory"
      }
    },
    {
      "Failure": {
        "operation": "UNLINK",
        "subcall": "unlink",
        "return_code": -1,
        "errno": 2,
        "strerror": "No such file or directory"
      }
    },
    {
      "Failure": {
        "operation": "OPEN",
        "subcall": "open",
        "return_code": -1,
        "errno": 2,
        "strerror": "No such file or directory"
      }
    },
    {
      "Failure": {
        "operation": "FTRUNCATE",
        "subcall": "ftruncate",
        "return_code": -1,
        "errno": 9,
        "strerror": "Bad file descriptor"
      }
    },
    {
      "Success": {
        "operation": "MKDIR",
        "return_code": 0,
        "execution_time": 231,
        "extra": {
          "hash": null,
          "timestamps": [
            {
              "owner": "parent",
              "atime": false,
              "mtime": true,
              "ctime": true
            }
          ]
        }
      }
    },
    {
      "Failure": {
        "operation": "PWRITE",
        "subcall": "pwrite",
        "return_code": -1,
        "errno": 9,
        "strerror": "Bad file descriptor"
      }
    },
    {
      "Failure": {
        "operation": "OPEN",
        "subcall": "open",
        "return_code": -1,
        "errno": 2,
        "strerror": "No such file or directory"
      }
    },
    {
      "Success": {
        "operation": "CREATE",
        "return_code": 4,
        "execution_time": 70,
        "extra": {
          "hash": null,
          "timestamps": [
            {
              "owner": "parent",
              "atime": false,
              "mtime": true,
              "ctime": true
            }
          ]
        }
      }
    },
    {
      "Failure": {
        "operation": "GETXATTR",
        "subcall": "getxattr",
        "return_code": -1,
        "errno": 61,
        "strerror": "No data available"
      }
    },
    {
      "Failure": {
        "operation": "LSEEK",
        "subcall": "lseek",
        "return_code": -1,
        "errno": 9,
        "strerror": "Bad file descriptor"
      }
    },
    {
      "Failure": {
        "operation": "HARDLINK",
        "subcall": "link",
        "return_code": -1,
        "errno": 2,
        "strerror": "No such file or directory"
      }
    },
    {
      "Success": {
        "operation": "MKDIR",
        "return_code": 0,
        "execution_time": 146,
        "extra": {
          "hash": null,
          "timestamps": [
            {
              "owner": "parent",
              "atime": false,
              "mtime": true,
              "ctime": true
            }
          ]
        }
      }
    },
    {
      "Failure": {
        "operation": "READ",
        "subcall": "read",
        "return_code": -1,
        "errno": 21,
        "strerror": "Is a directory"
      }
    },
    {
      "Success": {
        "operation": "CHMOD",
        "return_code": 0,
        "execution_time": 112,
        "extra": {
          "hash": null,
          "timestamps": [
            {
              "owner": "file",
              "atime": false,
              "mtime": false,
              "ctime": true
            }
          ]
        }
      }
    },
    {
      "Failure": {
        "operation": "REMOVEXATTR",
        "subcall": "removexattr",
        "return_code": -1,
        "errno": 61,
        "strerror": "No data available"
      }
    },
    {
      "Success": {
        "operation": "TRUNCATE",
        "return_code": 0,
        "execution_time": 65,
        "extra": {
          "hash": null,
          "timestamps": [
            {
              "owner": "file",
              "atime": false,
              "mtime": true,
              "ctime": true
            }
          ]
        }
      }
    },
    {
      "Failure": {
        "operation": "FCHMOD",
        "subcall": "fchmod",
        "return_code": -1,
        "errno": 9,
        "strerror": "Bad file descriptor"
      }
    },
    {
      "Failure": {
        "operation": "PWRITE",
        "subcall": "pwrite",
        "return_code": -1,
        "errno": 9,
        "strerror": "Bad file descriptor"
      }
    },
    {
      "Failure": {
        "operation": "FCHMODAT",
        "subcall": "fchmodat",
        "return_code": -1,
        "errno": 9,
        "strerror": "Bad file descriptor"
      }
    },
    {
      "Failure": {
        "operation": "READ",
        "subcall": "read",
        "return_code": -1,
        "errno": 9,
        "strerror": "Bad file descriptor"
      }
    },
    {
      "Failure": {
        "operation": "FCHMODAT",
        "subcall": "fchmodat",
        "return_code": -1,
        "errno": 9,
        "strerror": "Bad file descriptor"
      }
    },
    {
      "Failure": {
        "operation": "HARDLINK",
        "subcall": "link",
        "return_code": -1,
        "errno": 2,
        "strerror": "No such file or directory"
      }
    },
    {
      "Failure": {
        "operation": "FCHMOD",
        "subcall": "fchmod",
        "return_code": -1,
        "errno": 9,
        "strerror": "Bad file descriptor"
      }
    },
    {
      "Failure": {
        "operation": "PREAD",
        "subcall": "pread",
        "return_code": -1,
        "errno": 9,
        "strerror": "Bad file descriptor"
      }
    },
    {
      "Failure": {
        "operation": "REMOVEXATTR",
        "subcall": "removexattr",
        "return_code": -1,
        "errno": 2,
        "strerror": "No such file or directory"
      }
    },
    {
      "Failure": {
        "operation": "PREAD",
        "subcall": "pread",
        "return_code": -1,
        "errno": 9,
        "strerror": "Bad file descriptor"
      }
    },
    {
      "Failure": {
        "operation": "FCHMOD",
        "subcall": "fchmod",
        "return_code": -1,
        "errno": 9,
        "strerror": "Bad file descriptor"
      }
    },
    {
      "Success": {
        "operation": "MKDIR",
        "return_code": 0,
        "execution_time": 106,
        "extra": {
          "hash": null,
          "timestamps": [
            {
              "owner": "parent",
              "atime": false,
              "mtime": true,
              "ctime": true
            }
          ]
        }
      }
    },
    {
      "Failure": {
        "operation": "FCHMODAT",
        "subcall": "fchmodat",
        "return_code": -1,
        "errno": 9,
        "strerror": "Bad file descriptor"
      }
    },
    {
      "Failure": {
        "operation": "MKDIRAT",
        "subcall": "mkdirat",
        "return_code": -1,
        "errno": 2,
        "strerror": "No such file or directory"
      }
    },
    {
      "Success": {
        "operation": "MKDIR",
        "return_code": 0,
        "execution_time": 126,
        "extra": {
          "hash": null,
          "timestamps": [
            {
              "owner": "parent",
              "atime": false,
              "mtime": true,
              "ctime": true
            }
          ]
        }
      }
    },
    {
      "Failure": {
        "operation": "CREATE",
        "subcall": "creat",
        "return_code": -1,
        "errno": 2,
        "strerror": "No such file or directory"
      }
    },
    {
      "Failure": {
        "operation": "FCHMOD",
        "subcall": "fchmod",
        "return_code": -1,
        "errno": 9,
        "strerror": "Bad file descriptor"
      }
    },
    {
      "Failure": {
        "operation": "SETXATTR",
        "subcall": "setxattr",
        "return_code": -1,
        "errno": 2,
        "strerror": "No such file or directory"
      }
    },
    {
      "Success": {
        "operation": "MKDIR",
        "return_code": 0,
        "execution_time": 127,
        "extra": {
          "hash": null,
          "timestamps": [
            {
              "owner": "parent",
              "atime": false,
              "mtime": true,
              "ctime": true
            }
          ]
        }
      }
    },
    {
      "Failure": {
        "operation": "MKDIRAT",
        "subcall": "mkdirat",
        "return_code": -1,
        "errno": 2,
        "strerror": "No such file or directory"
      }
    },
    {
      "Failure": {
        "operation": "WRITE",
        "subcall": "write",
        "return_code": -1,
        "errno": 9,
        "strerror": "Bad file descriptor"
      }
    },
    {
      "Failure": {
        "operation": "LSEEK",
        "subcall": "lseek",
        "return_code": -1,
        "errno": 9,
        "strerror": "Bad file descriptor"
      }
    },
    {
      "Success": {
        "operation": "MKDIR",
        "return_code": 0,
        "execution_time": 97,
        "extra": {
          "hash": null,
          "timestamps": [
            {
              "owner": "parent",
              "atime": false,
              "mtime": true,
              "ctime": true
            }
          ]
        }
      }
    },
    {
      "Success": {
        "operation": "CREATE",
        "return_code": 4,
        "execution_time": 69,
        "extra": {
          "hash": null,
          "timestamps": [
            {
              "owner": "parent",
              "atime": false,
              "mtime": true,
              "ctime": true
            }
          ]
        }
      }
    },
    {
      "Failure": {
        "operation": "HARDLINKAT",
        "subcall": "linkat",
        "return_code": -1,
        "errno": 9,
        "strerror": "Bad file descriptor"
      }
    },
    {
      "Failure": {
        "operation": "WRITE",
        "subcall": "write",
        "return_code": -1,
        "errno": 9,
        "strerror": "Bad file descriptor"
      }
    }
  ]
}