{
  "success_n": 28,
  "failure_n": 72,
  "rows": [
    {
      "Success": {
        "operation": "MKDIR",
        "return_code": 0,
        "execution_time": 150,
        "extra": {
          "hash": null,
          "timestamps": [
            {
              "owner": "parent",
              "atime": false,
              "mtime": true,
              "ctime": true
            }
          ]
        }
      }
    },
    {
      "Success": {
        "operation": "SETXATTR",
        "return_code": 0,
        "execution_time": 35,
        "extra": {
          "hash": null,
          "timestamps": []
        }
      }
    },
    {
      "Failure": {
        "operation": "CREATE",
        "subcall": "creat",
        "return_code": -1,
        "errno": 21,
        "strerror": "Is a directory"
      }
    },
    {
      "Success": {
        "operation": "LISTXATTR",
        "return_code": 256,
        "execution_time": 14,
        "extra": {
          "hash": 1153192144263697196,
          "timestamps": []
        }
      }
    },
    {
      "Success": {
        "operation": "MKDIR",
        "return_code": 0,
        "execution_time": 214,
        "extra": {
          "hash": null,
          "timestamps": [
            {
              "owner": "parent",
              "atime": false,
              "mtime": true,
              "ctime": true
            }
          ]
        }
      }
    },
    {
      "Success": {
        "operation": "OPEN",
        "return_code": 3,
        "execution_time": 10,
        "extra": {
          "hash": null,
          "timestamps": [
            {
              "owner": "file",
              "atime": false,
              "mtime": false,
              "ctime": false
            },
            {
              "owner": "parent",
              "atime": false,
              "mtime": false,
              "ctime": false
            }
          ]
        }
      }
    },
    {
      "Success": {
        "operation": "LISTXATTR",
        "return_code": 256,
        "execution_time": 9,
        "extra": {
          "hash": 1153192144263697196,
          "timestamps": []
        }
      }
    },
    {
      "Success": {
        "operation": "LSEEK",
        "return_code": 64,
        "execution_time": 1,
        "extra": {
          "hash": null,
          "timestamps": []
        }
      }
    },
    {
      "Success": {
        "operation": "REMOVEXATTR",
        "return_code": 0,
        "execution_time": 23,
        "extra": {
          "hash": null,
          "timestamps": []
        }
      }
    },
    {
      "Success": {
        "operation": "FSYNC",
        "return_code": 0,
        "execution_time": 119,
        "extra": {
          "hash": null,
          "timestamps": []
        }
      }
    },
    {
      "Failure": {
        "operation": "GETXATTR",
        "subcall": "getxattr",
        "return_code": -1,
        "errno": 61,
        "strerror": "No data available"
      }
    },
    {
      "Success": {
        "operation": "CHMOD",
        "return_code": 0,
        "execution_time": 17,
        "extra": {
          "hash": null,
          "timestamps": [
            {
              "owner": "file",
              "atime": false,
              "mtime": false,
              "ctime": true
            }
          ]
        }
      }
    },
    {
      "Success": {
        "operation": "SYMLINK",
        "return_code": 0,
        "execution_time": 54,
        "extra": {
          "hash": null,
          "timestamps": [
            {
              "owner": "parent",
              "atime": false,
              "mtime": true,
              "ctime": true
            }
          ]
        }
      }
    },
    {
      "Failure": {
        "operation": "OPEN",
        "subcall": "open",
        "return_code": -1,
        "errno": 21,
        "strerror": "Is a directory"
      }
    },
    {
      "Success": {
        "operation": "MKDIR",
        "return_code": 0,
        "execution_time": 206,
        "extra": {
          "hash": null,
          "timestamps": [
            {
              "owner": "parent",
              "atime": false,
              "mtime": true,
              "ctime": true
            }
          ]
        }
      }
    },
    {
      "Failure": {
        "operation": "HARDLINK",
        "subcall": "link",
        "return_code": -1,
        "errno": 1,
        "strerror": "Operation not permitted"
      }
    },
    {
      "Failure": {
        "operation": "LSEEK",
        "subcall": "lseek",
        "return_code": -1,
        "errno": 9,
        "strerror": "Bad file descriptor"
      }
    },
    {
      "Failure": {
        "operation": "GETXATTR",
        "subcall": "getxattr",
        "return_code": -1,
        "errno": 61,
        "strerror": "No data available"
      }
    },
    {
      "Failure": {
        "operation": "PWRITE",
        "subcall": "pwrite",
        "return_code": -1,
        "errno": 9,
        "strerror": "Bad file descriptor"
      }
    },
    {
      "Failure": {
        "operation": "PREAD",
        "subcall": "pread",
        "return_code": -1,
        "errno": 21,
        "strerror": "Is a directory"
      }
    },
    {
      "Success": {
        "operation": "CHMOD",
        "return_code": 0,
        "execution_time": 24,
        "extra": {
          "hash": null,
          "timestamps": [
            {
              "owner": "file",
              "atime": false,
              "mtime": false,
              "ctime": true
            }
          ]
        }
      }
    },
    {
      "Failure": {
        "operation": "HARDLINK",
        "subcall": "link",
        "return_code": -1,
        "errno": 2,
        "strerror": "No such file or directory"
      }
    },
    {
      "Failure": {
        "operation": "FTRUNCATE",
        "subcall": "ftruncate",
        "return_code": -1,
        "errno": 9,
        "strerror": "Bad file descriptor"
      }
    },
    {
      "Failure": {
        "operation": "PWRITE",
        "subcall": "pwrite",
        "return_code": -1,
        "errno": 9,
        "strerror": "Bad file descriptor"
      }
    },
    {
      "Failure": {
        "operation": "RENAME",
        "subcall": "rename",
        "return_code": -1,
        "errno": 22,
        "strerror": "Invalid argument"
      }
    },
    {
      "Failure": {
        "operation": "HARDLINK",
        "subcall": "link",
        "return_code": -1,
        "errno": 2,
        "strerror": "No such file or directory"
      }
    },
    {
      "Success": {
        "operation": "CREATE",
        "return_code": 4,
        "execution_time": 72,
        "extra": {
          "hash": null,
          "timestamps": [
            {
              "owner": "parent",
              "atime": false,
              "mtime": true,
              "ctime": true
            }
          ]
        }
      }
    },
    {
      "Failure": {
        "operation": "LISTXATTR",
        "subcall": "listxattr",
        "return_code": -1,
        "errno": 2,
        "strerror": "No such file or directory"
      }
    },
    {
      "Failure": {
        "operation": "CHMOD",
        "subcall": "chmod",
        "return_code": -1,
        "errno": 2,
        "strerror": "No such file or directory"
      }
    },
    {
      "Success": {
        "operation": "LISTXATTR",
        "return_code": 0,
        "execution_time": 8,
        "extra": {
          "hash": 13646096770106105413,
          "timestamps": []
        }
      }
    },
    {
      "Failure": {
        "operation": "FCHMOD",
        "subcall": "fchmod",
        "return_code": -1,
        "errno": 9,
        "strerror": "Bad file descriptor"
      }
    },
    {
      "Failure": {
        "operation": "GETXATTR",
        "subcall": "getxattr",
        "return_code": -1,
        "errno": 61,
        "strerror": "No data available"
      }
    },
    {
      "Failure": {
        "operation": "RENAME",
        "subcall": "rename",
        "return_code": -1,
        "errno": 2,
        "strerror": "No such file or directory"
      }
    },
    {
      "Success": {
        "operation": "CLOSE",
        "return_code": 0,
        "execution_time": 5,
        "extra": {
          "hash": null,
          "timestamps": []
        }
      }
    },
    {
      "Failure": {
        "operation": "TRUNCATE",
        "subcall": "truncate",
        "return_code": -1,
        "errno": 2,
        "strerror": "No such file or directory"
      }
    },
    {
      "Failure": {
        "operation": "CREATE",
        "subcall": "creat",
        "return_code": -1,
        "errno": 2,
        "strerror": "No such file or directory"
      }
    },
    {
      "Failure": {
        "operation": "FSYNC",
        "subcall": "fsync",
        "return_code": -1,
        "errno": 9,
        "strerror": "Bad file descriptor"
      }
    },
    {
      "Failure": {
        "operation": "RENAME",
        "subcall": "rename",
        "return_code": -1,
        "errno": 2,
        "strerror": "No such file or directory"
      }
    },
    {
      "Failure": {
        "operation": "FCHMOD",
        "subcall": "fchmod",
        "return_code": -1,
        "errno": 9,
        "strerror": "Bad file descriptor"
      }
    },
    {
      "Failure": {
        "operation": "MKDIR",
        "subcall": "mkdir",
        "return_code": -1,
        "errno": 2,
        "strerror": "No such file or directory"
      }
    },
    {
      "Failure": {
        "operation": "PREAD",
        "subcall": "pread",
        "return_code": -1,
        "errno": 9,
        "strerror": "Bad file descriptor"
      }
    },
    {
      "Failure": {
        "operation": "SETXATTR",
        "subcall": "setxattr",
        "return_code": -1,
        "errno": 2,
        "strerror": "No such file or directory"
      }
    },
    {
      "Failure": {
        "operation": "CREATE",
        "subcall": "creat",
        "return_code": -1,
        "errno": 2,
        "strerror": "No such file or directory"
      }
    },
    {
      "Success": {
        "operation": "OPEN",
        "return_code": 3,
        "execution_time": 8,
        "extra": {
          "hash": null,
          "timestamps": [
            {
              "owner": "file",
              "atime": false,
              "mtime": false,
              "ctime": false
            },
            {
              "owner": "parent",
              "atime": false,
              "mtime": false,
              "ctime": false
            }
          ]
        }
      }
    },
    {
      "Failure": {
        "operation": "HARDLINK",
        "subcall": "link",
        "return_code": -1,
        "errno": 2,
        "strerror": "No such file or directory"
      }
    },
    {
      "Success": {
        "operation": "FCHMODAT",
        "return_code": 0,
        "execution_time": 69,
        "extra": {
          "hash": null,
          "timestamps": [
            {
              "owner": "file",
              "atime": false,
              "mtime": false,
              "ctime": true
            }
          ]
        }
      }
    },
    {
      "Failure": {
        "operation": "FCHMOD",
        "subcall": "fchmod",
        "return_code": -1,
        "errno": 9,
        "strerror": "Bad file descriptor"
      }
    },
    {
      "Failure": {
        "operation": "HARDLINKAT",
        "subcall": "linkat",
        "return_code": -1,
        "errno": 2,
        "strerror": "No such file or directory"
      }
    },
    {
      "Failure": {
        "operation": "TRUNCATE",
        "subcall": "truncate",
        "return_code": -1,
        "errno": 2,
        "strerror": "No such file or directory"
      }
    },
    {
      "Failure": {
        "operation": "RENAME",
        "subcall": "rename",
        "return_code": -1,
        "errno": 2,
        "strerror": "No such file or directory"
      }
    },
    {
      "Failure": {
        "operation": "CHMOD",
        "subcall": "chmod",
        "return_code": -1,
        "errno": 2,
        "strerror": "No such file or directory"
      }
    },
    {
      "Failure": {
        "operation": "FCHMODAT",
        "subcall": "fchmodat",
        "return_code": -1,
        "errno": 2,
        "strerror": "No such file or directory"
      }
    },
    {
      "Failure": {
        "operation": "READ",
        "subcall": "read",
        "return_code": -1,
        "errno": 9,
        "strerror": "Bad file descriptor"
      }
    },
    {
      "Failure": {
        "operation": "GETXATTR",
        "subcall": "getxattr",
        "return_code": -1,
        "errno": 2,
        "strerror": "No such file or directory"
      }
    },
    {
      "Failure": {
        "operation": "HARDLINK",
        "subcall": "link",
        "return_code": -1,
        "errno": 2,
        "strerror": "No such file or directory"
      }
    },
    {
      "Failure": {
        "operation": "GETXATTR",
        "subcall": "getxattr",
        "return_code": -1,
        "errno": 61,
        "strerror": "No data available"
      }
    },
    {
      "Failure": {
        "operation": "CREATE",
        "subcall": "creat",
        "return_code": -1,
        "errno": 21,
        "strerror": "Is a directory"
      }
    },
    {
      "Failure": {
        "operation": "RENAME",
        "subcall": "rename",
        "return_code": -1,
        "errno": 2,
        "strerror": "No such file or directory"
      }
    },
    {
      "Failure": {
        "operation": "CHMOD",
        "subcall": "chmod",
        "return_code": -1,
        "errno": 2,
        "strerror": "No such file or directory"
      }
    },
    {
      "Failure": {
        "operation": "UNLINK",
        "subcall": "unlink",
        "return_code": -1,
        "errno": 2,
        "strerror": "No such file or directory"
      }
    },
    {
      "Failure": {
        "operation": "OPEN",
        "subcall": "open",
        "return_code": -1,
        "errno": 2,
        "strerror": "No such file or directory"
      }
    },
    {
      "Failure": {
        "operation": "FTRUNCATE",
        "subcall": "ftruncate",
        "return_code": -1,
        "errno": 9,
        "strerror": "Bad file descriptor"
      }
    },
    {
      "Success": {
        "operation": "MKDIR",
        "return_code": 0,
        "execution_time": 291,
        "extra": {
          "hash": null,
          "timestamps": [
            {
              "owner": "parent",
              "atime": false,
              "mtime": true,
              "ctime": true
            }
          ]
        }
      }
    },
    {
      "Failure": {
        "operation": "PWRITE",
        "subcall": "pwrite",
        "return_code": -1,
        "errno": 9,
        "strerror": "Bad file descriptor"
      }
    },
    {
      "Failure": {
        "operation": "OPEN",
        "subcall": "open",
        "return_code": -1,
        "errno": 2,
        "strerror": "No such file or directory"
      }
    },
    {
      "Success": {
        "operation": "CREATE",
        "return_code": 4,
        "execution_time": 85,
        "extra": {
          "hash": null,
          "timestamps": [
            {
              "owner": "parent",
              "atime": false,
              "mtime": true,
              "ctime": true
            }
          ]
        }
      }
    },
    {
      "Failure": {
        "operation": "GETXATTR",
        "subcall": "getxattr",
        "return_code": -1,
        "errno": 61,
        "strerror": "No data available"
      }
    },
    {
      "Failure": {
        "operation": "LSEEK",
        "subcall": "lseek",
        "return_code": -1,
        "errno": 9,
        "strerror": "Bad file descriptor"
      }
    },
    {
      "Failure": {
        "operation": "HARDLINK",
        "subcall": "link",
        "return_code": -1,
        "errno": 2,
        "strerror": "No such file or directory"
      }
    },
    {
      "Success": {
        "operation": "MKDIR",
        "return_code": 0,
        "execution_time": 72,
        "extra": {
          "hash": null,
          "timestamps": [
            {
              "owner": "parent",
              "atime": false,
              "mtime": true,
              "ctime": true
            }
          ]
        }
      }
    },
    {
      "Failure": {
        "operation": "READ",
        "subcall": "read",
        "return_code": -1,
        "errno": 21,
        "strerror": "Is a directory"
      }
    },
    {
      "Success": {
        "operation": "CHMOD",
        "return_code": 0,
        "execution_time": 17,
        "extra": {
          "hash": null,
          "timestamps": [
            {
              "owner": "file",
              "atime": false,
              "mtime": false,
              "ctime": true
            }
          ]
        }
      }
    },
    {
      "Failure": {
        "operation": "REMOVEXATTR",
        "subcall": "removexattr",
        "return_code": -1,
        "errno": 61,
        "strerror": "No data available"
      }
    },
    {
      "Success": {
        "operation": "TRUNCATE",
        "return_code": 0,
        "execution_time": 20,
        "extra": {
          "hash": null,
          "timestamps": [
            {
              "owner": "file",
              "atime": false,
              "mtime": true,
              "ctime": true
            }
          ]
        }
      }
    },
    {
      "Failure": {
        "operation": "FCHMOD",
        "subcall": "fchmod",
        "return_code": -1,
        "errno": 9,
        "strerror": "Bad file descriptor"
      }
    },
    {
      "Failure": {
        "operation": "PWRITE",
        "subcall": "pwrite",
        "return_code": -1,
        "errno": 9,
        "strerror": "Bad file descriptor"
      }
    },
    {
      "Failure": {
        "operation": "FCHMODAT",
        "subcall": "fchmodat",
        "return_code": -1,
        "errno": 9,
        "strerror": "Bad file descriptor"
      }
    },
    {
      "Failure": {
        "operation": "READ",
        "subcall": "read",
        "return_code": -1,
        "errno": 9,
        "strerror": "Bad file descriptor"
      }
    },
    {
      "Failure": {
        "operation": "FCHMODAT",
        "subcall": "fchmodat",
        "return_code": -1,
        "errno": 9,
        "strerror": "Bad file descriptor"
      }
    },
    {
      "Failure": {
        "operation": "HARDLINK",
        "subcall": "link",
        "return_code": -1,
        "errno": 2,
        "strerror": "No such file or directory"
      }
    },
    {
      "Failure": {
        "operation": "FCHMOD",
        "subcall": "fchmod",
        "return_code": -1,
        "errno": 9,
        "strerror": "Bad file descriptor"
      }
    },
    {
      "Failure": {
        "operation": "PREAD",
        "subcall": "pread",
        "return_code": -1,
        "errno": 9,
        "strerror": "Bad file descriptor"
      }
    },
    {
      "Failure": {
        "operation": "REMOVEXATTR",
        "subcall": "removexattr",
        "return_code": -1,
        "errno": 2,
        "strerror": "No such file or directory"
      }
    },
    {
      "Failure": {
        "operation": "PREAD",
        "subcall": "pread",
        "return_code": -1,
        "errno": 9,
        "strerror": "Bad file descriptor"
      }
    },
    {
      "Failure": {
        "operation": "FCHMOD",
        "subcall": "fchmod",
        "return_code": -1,
        "errno": 9,
        "strerror": "Bad file descriptor"
      }
    },
    {
      "Success": {
        "operation": "MKDIR",
        "return_code": 0,
        "execution_time": 100,
        "extra": {
          "hash": null,
          "timestamps": [
            {
              "owner": "parent",
              "atime": false,
              "mtime": true,
              "ctime": true
            }
          ]
        }
      }
    },
    {
      "Failure": {
        "operation": "FCHMODAT",
        "subcall": "fchmodat",
        "return_code": -1,
        "errno": 9,
        "strerror": "Bad file descriptor"
      }
    },
    {
      "Failure": {
        "operation": "MKDIRAT",
        "subcall": "mkdirat",
        "return_code": -1,
        "errno": 2,
        "strerror": "No such file or directory"
      }
    },
    {
      "Success": {
        "operation": "MKDIR",
        "return_code": 0,
        "execution_time": 88,
        "extra": {
          "hash": null,
          "timestamps": [
            {
              "owner": "parent",
              "atime": false,
              "mtime": true,
              "ctime": true
            }
          ]
        }
      }
    },
    {
      "Failure": {
        "operation": "CREATE",
        "subcall": "creat",
        "return_code": -1,
        "errno": 2,
        "strerror": "No such file or directory"
      }
    },
    {
      "Failure": {
        "operation": "FCHMOD",
        "subcall": "fchmod",
        "return_code": -1,
        "errno": 9,
        "strerror": "Bad file descriptor"
      }
    },
    {
      "Failure": {
        "operation": "SETXATTR",
        "subcall": "setxattr",
        "return_code": -1,
        "errno": 2,
        "strerror": "No such file or directory"
      }
    },
    {
      "Success": {
        "operation": "MKDIR",
        "return_code": 0,
        "execution_time": 104,
        "extra": {
          "hash": null,
          "timestamps": [
            {
              "owner": "parent",
              "atime": false,
              "mtime": true,
              "ctime": true
            }
          ]
        }
      }
    },
    {
      "Failure": {
        "operation": "MKDIRAT",
        "subcall": "mkdirat",
        "return_code": -1,
        "errno": 2,
        "strerror": "No such file or directory"
      }
    },
    {
      "Failure": {
        "operation": "WRITE",
        "subcall": "write",
        "return_code": -1,
        "errno": 9,
        "strerror": "Bad file descriptor"
      }
    },
    {
      "Failure": {
        "operation": "LSEEK",
        "subcall": "lseek",
        "return_code": -1,
        "errno": 9,
        "strerror": "Bad file descriptor"
      }
    },
    {
      "Success": {
        "operation": "MKDIR",
        "return_code": 0,
        "execution_time": 77,
        "extra": {
          "hash": null,
          "timestamps": [
            {
              "owner": "parent",
              "atime": false,
              "mtime": true,
              "ctime": true
            }
          ]
        }
      }
    },
    {
      "Success": {
        "operation": "CREATE",
        "return_code": 4,
        "execution_time": 56,
        "extra": {
          "hash": null,
          "timestamps": [
            {
              "owner": "parent",
              "atime": false,
              "mtime": true,
              "ctime": true
            }
          ]
        }
      }
    },
    {
      "Failure": {
        "operation": "HARDLINKAT",
        "subcall": "linkat",
        "return_code": -1,
        "errno": 9,
        "strerror": "Bad file descriptor"
      }
    },
    {
      "Failure": {
        "operation": "WRITE",
        "subcall": "write",
        "return_code": -1,
        "errno": 9,
        "strerror": "Bad file descriptor"
      }
    }
  ]
}