{
  "success_n": 61,
  "failure_n": 39,
  "rows": [
    {
      "Success": {
        "operation": "CHMOD",
        "return_code": 0,
        "execution_time": 49,
        "extra": {
          "hash": null,
          "timestamps": [
            {
              "owner": "file",
              "atime": false,
              "mtime": false,
              "ctime": true
            }
          ]
        }
      }
    },
    {
      "Success": {
        "operation": "CREATE",
        "return_code": 3,
        "execution_time": 207,
        "extra": {
          "hash": null,
          "timestamps": [
            {
              "owner": "parent",
              "atime": false,
              "mtime": true,
              "ctime": true
            }
          ]
        }
      }
    },
    {
      "Success": {
        "operation": "HARDLINK",
        "return_code": 0,
        "execution_time": 36,
        "extra": {
          "hash": null,
          "timestamps": [
            {
              "owner": "old file",
              "atime": false,
              "mtime": false,
              "ctime": true
            },
            {
              "owner": "parent",
              "atime": false,
              "mtime": true,
              "ctime": true
            }
          ]
        }
      }
    },
    {
      "Success": {
        "operation": "CHMOD",
        "return_code": 0,
        "execution_time": 15,
        "extra": {
          "hash": null,
          "timestamps": [
            {
              "owner": "file",
              "atime": false,
              "mtime": false,
              "ctime": true
            }
          ]
        }
      }
    },
    {
      "Success": {
        "operation": "SETXATTR",
        "return_code": 0,
        "execution_time": 204,
        "extra": {
          "hash": null,
          "timestamps": []
        }
      }
    },
    {
      "Success": {
        "operation": "HARDLINK",
        "return_code": 0,
        "execution_time": 34,
        "extra": {
          "hash": null,
          "timestamps": [
            {
              "owner": "old file",
              "atime": false,
              "mtime": false,
              "ctime": true
            },
            {
              "owner": "parent",
              "atime": false,
              "mtime": true,
              "ctime": true
            }
          ]
        }
      }
    },
    {
      "Success": {
        "operation": "RENAME",
        "return_code": 0,
        "execution_time": 46,
        "extra": {
          "hash": null,
          "timestamps": [
            {
              "owner": "old parent",
              "atime": false,
              "mtime": true,
              "ctime": true
            },
            {
              "owner": "new parent",
              "atime": false,
              "mtime": true,
              "ctime": true
            }
          ]
        }
      }
    },
    {
      "Failure": {
        "operation": "SETXATTR",
        "subcall": "setxattr",
        "return_code": -1,
        "errno": 2,
        "strerror": "No such file or directory"
      }
    },
    {
      "Success": {
        "operation": "OPEN",
        "return_code": 3,
        "execution_time": 15,
        "extra": {
          "hash": null,
          "timestamps": [
            {
              "owner": "file",
              "atime": false,
              "mtime": false,
              "ctime": false
            },
            {
              "owner": "parent",
              "atime": false,
              "mtime": false,
              "ctime": false
            }
          ]
        }
      }
    },
    {
      "Success": {
        "operation": "READ",
        "return_code": 0,
        "execution_time": 11,
        "extra": {
          "hash": 1873913666579263196,
          "timestamps": [
            {
              "owner": "file",
              "atime": true,
              "mtime": false,
              "ctime": false
            }
          ]
        }
      }
    },
    {
      "Success": {
        "operation": "MKDIR",
        "return_code": 0,
        "execution_time": 103,
        "extra": {
          "hash": null,
          "timestamps": [
            {
              "owner": "parent",
              "atime": false,
              "mtime": true,
              "ctime": true
            }
          ]
        }
      }
    },
    {
      "Success": {
        "operation": "CHMOD",
        "return_code": 0,
        "execution_time": 16,
        "extra": {
          "hash": null,
          "timestamps": [
            {
              "owner": "file",
              "atime": false,
              "mtime": false,
              "ctime": true
            }
          ]
        }
      }
    },
    {
      "Success": {
        "operation": "OPEN",
        "return_code": 4,
        "execution_time": 14,
        "extra": {
          "hash": null,
          "timestamps": [
            {
              "owner": "file",
              "atime": false,
              "mtime": false,
              "ctime": false
            },
            {
              "owner": "parent",
              "atime": false,
              "mtime": false,
              "ctime": false
            }
          ]
        }
      }
    },
    {
      "Failure": {
        "operation": "FTRUNCATE",
        "subcall": "ftruncate",
        "return_code": -1,
        "errno": 22,
        "strerror": "Invalid argument"
      }
    },
    {
      "Success": {
        "operation": "RENAME",
        "return_code": 0,
        "execution_time": 7,
        "extra": {
          "hash": null,
          "timestamps": [
            {
              "owner": "old parent",
              "atime": false,
              "mtime": false,
              "ctime": false
            },
            {
              "owner": "new parent",
              "atime": false,
              "mtime": false,
              "ctime": false
            }
          ]
        }
      }
    },
    {
      "Failure": {
        "operation": "PWRITE",
        "subcall": "pwrite",
        "return_code": -1,
        "errno": 9,
        "strerror": "Bad file descriptor"
      }
    },
    {
      "Success": {
        "operation": "LSEEK",
        "return_code": 255,
        "execution_time": 0,
        "extra": {
          "hash": null,
          "timestamps": []
        }
      }
    },
    {
      "Failure": {
        "operation": "CREATE",
        "subcall": "creat",
        "return_code": -1,
        "errno": 21,
        "strerror": "Is a directory"
      }
    },
    {
      "Failure": {
        "operation": "WRITE",
        "subcall": "write",
        "return_code": -1,
        "errno": 9,
        "strerror": "Bad file descriptor"
      }
    },
    {
      "Success": {
        "operation": "CREATE",
        "return_code": 5,
        "execution_time": 92,
        "extra": {
          "hash": null,
          "timestamps": [
            {
              "owner": "parent",
              "atime": false,
              "mtime": true,
              "ctime": true
            }
          ]
        }
      }
    },
    {
      "Success": {
        "operation": "SYMLINK",
        "return_code": 0,
        "execution_time": 32,
        "extra": {
          "hash": null,
          "timestamps": [
            {
              "owner": "parent",
              "atime": false,
              "mtime": true,
              "ctime": true
            }
          ]
        }
      }
    },
    {
      "Success": {
        "operation": "MKDIR",
        "return_code": 0,
        "execution_time": 66,
        "extra": {
          "hash": null,
          "timestamps": [
            {
              "owner": "parent",
              "atime": false,
              "mtime": true,
              "ctime": true
            }
          ]
        }
      }
    },
    {
      "Success": {
        "operation": "TRUNCATE",
        "return_code": 0,
        "execution_time": 26,
        "extra": {
          "hash": null,
          "timestamps": [
            {
              "owner": "file",
              "atime": false,
              "mtime": true,
              "ctime": true
            }
          ]
        }
      }
    },
    {
      "Failure": {
        "operation": "RENAME",
        "subcall": "rename",
        "return_code": -1,
        "errno": 2,
        "strerror": "No such file or directory"
      }
    },
    {
      "Success": {
        "operation": "HARDLINK",
        "return_code": 0,
        "execution_time": 39,
        "extra": {
          "hash": null,
          "timestamps": [
            {
              "owner": "old file",
              "atime": false,
              "mtime": false,
              "ctime": false
            },
            {
              "owner": "parent",
              "atime": false,
              "mtime": true,
              "ctime": true
            }
          ]
        }
      }
    },
    {
      "Success": {
        "operation": "RENAME",
        "return_code": 0,
        "execution_time": 30,
        "extra": {
          "hash": null,
          "timestamps": [
            {
              "owner": "old parent",
              "atime": false,
              "mtime": true,
              "ctime": true
            },
            {
              "owner": "new parent",
              "atime": false,
              "mtime": true,
              "ctime": true
            }
          ]
        }
      }
    },
    {
      "Success": {
        "operation": "FSYNC",
        "return_code": 0,
        "execution_time": 170,
        "extra": {
          "hash": null,
          "timestamps": []
        }
      }
    },
    {
      "Success": {
        "operation": "LSEEK",
        "return_code": 4351,
        "execution_time": 0,
        "extra": {
          "hash": null,
          "timestamps": []
        }
      }
    },
    {
      "Success": {
        "operation": "FSYNC",
        "return_code": 0,
        "execution_time": 3,
        "extra": {
          "hash": null,
          "timestamps": []
        }
      }
    },
    {
      "Success": {
        "operation": "FSYNC",
        "return_code": 0,
        "execution_time": 0,
        "extra": {
          "hash": null,
          "timestamps": []
        }
      }
    },
    {
      "Success": {
        "operation": "LSEEK",
        "return_code": 101,
        "execution_time": 0,
        "extra": {
          "hash": null,
          "timestamps": []
        }
      }
    },
    {
      "Failure": {
        "operation": "UNLINK",
        "subcall": "unlink",
        "return_code": -1,
        "errno": 2,
        "strerror": "No such file or directory"
      }
    },
    {
      "Success": {
        "operation": "FCHMODAT",
        "return_code": 0,
        "execution_time": 17,
        "extra": {
          "hash": null,
          "timestamps": [
            {
              "owner": "file",
              "atime": false,
              "mtime": false,
              "ctime": true
            }
          ]
        }
      }
    },
    {
      "Failure": {
        "operation": "READ",
        "subcall": "read",
        "return_code": -1,
        "errno": 21,
        "strerror": "Is a directory"
      }
    },
    {
      "Success": {
        "operation": "OPEN",
        "return_code": 5,
        "execution_time": 10,
        "extra": {
          "hash": null,
          "timestamps": [
            {
              "owner": "file",
              "atime": false,
              "mtime": false,
              "ctime": false
            },
            {
              "owner": "parent",
              "atime": false,
              "mtime": false,
              "ctime": false
            }
          ]
        }
      }
    },
    {
      "Failure": {
        "operation": "HARDLINK",
        "subcall": "link",
        "return_code": -1,
        "errno": 2,
        "strerror": "No such file or directory"
      }
    },
    {
      "Success": {
        "operation": "CREATE",
        "return_code": 6,
        "execution_time": 85,
        "extra": {
          "hash": null,
          "timestamps": [
            {
              "owner": "parent",
              "atime": false,
              "mtime": false,
              "ctime": false
            }
          ]
        }
      }
    },
    {
      "Failure": {
        "operation": "RENAME",
        "subcall": "rename",
        "return_code": -1,
        "errno": 21,
        "strerror": "Is a directory"
      }
    },
    {
      "Failure": {
        "operation": "READ",
        "subcall": "read",
        "return_code": -1,
        "errno": 21,
        "strerror": "Is a directory"
      }
    },
    {
      "Success": {
        "operation": "RENAME",
        "return_code": 0,
        "execution_time": 30,
        "extra": {
          "hash": null,
          "timestamps": [
            {
              "owner": "old parent",
              "atime": false,
              "mtime": true,
              "ctime": true
            },
            {
              "owner": "new parent",
              "atime": false,
              "mtime": true,
              "ctime": true
            }
          ]
        }
      }
    },
    {
      "Success": {
        "operation": "RENAME",
        "return_code": 0,
        "execution_time": 41,
        "extra": {
          "hash": null,
          "timestamps": [
            {
              "owner": "old parent",
              "atime": false,
              "mtime": true,
              "ctime": true
            },
            {
              "owner": "new parent",
              "atime": false,
              "mtime": true,
              "ctime": true
            }
          ]
        }
      }
    },
    {
      "Success": {
        "operation": "LISTXATTR",
        "return_code": 129,
        "execution_time": 15,
        "extra": {
          "hash": 3731995683139479461,
          "timestamps": []
        }
      }
    },
    {
      "Success": {
        "operation": "MKDIR",
        "return_code": 0,
        "execution_time": 86,
        "extra": {
          "hash": null,
          "timestamps": [
            {
              "owner": "parent",
              "atime": false,
              "mtime": true,
              "ctime": true
            }
          ]
        }
      }
    },
    {
      "Success": {
        "operation": "HARDLINKAT",
        "return_code": 0,
        "execution_time": 18,
        "extra": {
          "hash": null,
          "timestamps": [
            {
              "owner": "old file",
              "atime": false,
              "mtime": false,
              "ctime": true
            },
            {
              "owner": "old parent",
              "atime": false,
              "mtime": false,
              "ctime": false
            },
            {
              "owner": "new parent",
              "atime": false,
              "mtime": true,
              "ctime": true
            }
          ]
        }
      }
    },
    {
      "Success": {
        "operation": "SETXATTR",
        "return_code": 0,
        "execution_time": 63,
        "extra": {
          "hash": null,
          "timestamps": []
        }
      }
    },
    {
      "Failure": {
        "operation": "OPEN",
        "subcall": "open",
        "return_code": -1,
        "errno": 40,
        "strerror": "Too many levels of symbolic links"
      }
    },
    {
      "Failure": {
        "operation": "READ",
        "subcall": "read",
        "return_code": -1,
        "errno": 21,
        "strerror": "Is a directory"
      }
    },
    {
      "Success": {
        "operation": "REMOVE",
        "return_code": 0,
        "execution_time": 48,
        "extra": {
          "hash": null,
          "timestamps": [
            {
              "owner": "parent",
              "atime": false,
              "mtime": true,
              "ctime": true
            }
          ]
        }
      }
    },
    {
      "Success": {
        "operation": "LISTXATTR",
        "return_code": 129,
        "execution_time": 12,
        "extra": {
          "hash": 3731995683139479461,
          "timestamps": []
        }
      }
    },
    {
      "Failure": {
        "operation": "WRITE",
        "subcall": "write",
        "return_code": -1,
        "errno": 9,
        "strerror": "Bad file descriptor"
      }
    },
    {
      "Failure": {
        "operation": "SETXATTR",
        "subcall": "setxattr",
        "return_code": -1,
        "errno": 2,
        "strerror": "No such file or directory"
      }
    },
    {
      "Failure": {
        "operation": "LISTXATTR",
        "subcall": "listxattr",
        "return_code": -1,
        "errno": 2,
        "strerror": "No such file or directory"
      }
    },
    {
      "Success": {
        "operation": "PREAD",
        "return_code": 0,
        "execution_time": 7,
        "extra": {
          "hash": 1873913666579263196,
          "timestamps": [
            {
              "owner": "file",
              "atime": true,
              "mtime": false,
              "ctime": false
            }
          ]
        }
      }
    },
    {
      "Failure": {
        "operation": "RENAME",
        "subcall": "rename",
        "return_code": -1,
        "errno": 39,
        "strerror": "Directory not empty"
      }
    },
    {
      "Success": {
        "operation": "RENAME",
        "return_code": 0,
        "execution_time": 58,
        "extra": {
          "hash": null,
          "timestamps": [
            {
              "owner": "old parent",
              "atime": false,
              "mtime": true,
              "ctime": true
            },
            {
              "owner": "new parent",
              "atime": false,
              "mtime": true,
              "ctime": true
            }
          ]
        }
      }
    },
    {
      "Success": {
        "operation": "CHMOD",
        "return_code": 0,
        "execution_time": 20,
        "extra": {
          "hash": null,
          "timestamps": [
            {
              "owner": "file",
              "atime": false,
              "mtime": false,
              "ctime": true
            }
          ]
        }
      }
    },
    {
      "Success": {
        "operation": "HARDLINK",
        "return_code": 0,
        "execution_time": 37,
        "extra": {
          "hash": null,
          "timestamps": [
            {
              "owner": "parent",
              "atime": false,
              "mtime": true,
              "ctime": true
            }
          ]
        }
      }
    },
    {
      "Failure": {
        "operation": "PREAD",
        "subcall": "pread",
        "return_code": -1,
        "errno": 9,
        "strerror": "Bad file descriptor"
      }
    },
    {
      "Success": {
        "operation": "CHMOD",
        "return_code": 0,
        "execution_time": 48,
        "extra": {
          "hash": null,
          "timestamps": [
            {
              "owner": "file",
              "atime": false,
              "mtime": false,
              "ctime": true
            }
          ]
        }
      }
    },
    {
      "Success": {
        "operation": "MKDIR",
        "return_code": 0,
        "execution_time": 183,
        "extra": {
          "hash": null,
          "timestamps": [
            {
              "owner": "parent",
              "atime": false,
              "mtime": true,
              "ctime": true
            }
          ]
        }
      }
    },
    {
      "Failure": {
        "operation": "PWRITE",
        "subcall": "pwrite",
        "return_code": -1,
        "errno": 9,
        "strerror": "Bad file descriptor"
      }
    },
    {
      "Failure": {
        "operation": "READ",
        "subcall": "read",
        "return_code": -1,
        "errno": 9,
        "strerror": "Bad file descriptor"
      }
    },
    {
      "Failure": {
        "operation": "CLOSE",
        "subcall": "close",
        "return_code": -1,
        "errno": 9,
        "strerror": "Bad file descriptor"
      }
    },
    {
      "Success": {
        "operation": "FCHMOD",
        "return_code": 0,
        "execution_time": 12,
        "extra": {
          "hash": null,
          "timestamps": [
            {
              "owner": "file",
              "atime": false,
              "mtime": false,
              "ctime": true
            }
          ]
        }
      }
    },
    {
      "Success": {
        "operation": "HARDLINK",
        "return_code": 0,
        "execution_time": 31,
        "extra": {
          "hash": null,
          "timestamps": [
            {
              "owner": "old file",
              "atime": false,
              "mtime": false,
              "ctime": true
            },
            {
              "owner": "parent",
              "atime": false,
              "mtime": true,
              "ctime": true
            }
          ]
        }
      }
    },
    {
      "Failure": {
        "operation": "LSEEK",
        "subcall": "lseek",
        "return_code": -1,
        "errno": 22,
        "strerror": "Invalid argument"
      }
    },
    {
      "Success": {
        "operation": "SETXATTR",
        "return_code": 0,
        "execution_time": 60,
        "extra": {
          "hash": null,
          "timestamps": []
        }
      }
    },
    {
      "Failure": {
        "operation": "FTRUNCATE",
        "subcall": "ftruncate",
        "return_code": -1,
        "errno": 22,
        "strerror": "Invalid argument"
      }
    },
    {
      "Success": {
        "operation": "LSEEK",
        "return_code": 101,
        "execution_time": 0,
        "extra": {
          "hash": null,
          "timestamps": []
        }
      }
    },
    {
      "Success": {
        "operation": "OPEN",
        "return_code": 6,
        "execution_time": 12,
        "extra": {
          "hash": null,
          "timestamps": [
            {
              "owner": "file",
              "atime": false,
              "mtime": false,
              "ctime": false
            },
            {
              "owner": "parent",
              "atime": false,
              "mtime": false,
              "ctime": false
            }
          ]
        }
      }
    },
    {
      "Failure": {
        "operation": "RENAME",
        "subcall": "rename",
        "return_code": -1,
        "errno": 2,
        "strerror": "No such file or directory"
      }
    },
    {
      "Success": {
        "operation": "GETXATTR",
        "return_code": 255,
        "execution_time": 16,
        "extra": {
          "hash": 4251152708921922530,
          "timestamps": []
        }
      }
    },
    {
      "Success": {
        "operation": "HARDLINK",
        "return_code": 0,
        "execution_time": 22,
        "extra": {
          "hash": null,
          "timestamps": [
            {
              "owner": "old file",
              "atime": false,
              "mtime": false,
              "ctime": true
            },
            {
              "owner": "parent",
              "atime": false,
              "mtime": true,
              "ctime": true
            }
          ]
        }
      }
    },
    {
      "Failure": {
        "operation": "WRITE",
        "subcall": "write",
        "return_code": -1,
        "errno": 9,
        "strerror": "Bad file descriptor"
      }
    },
    {
      "Failure": {
        "operation": "MKDIR",
        "subcall": "mkdir",
        "return_code": -1,
        "errno": 17,
        "strerror": "File exists"
      }
    },
    {
      "Success": {
        "operation": "SETXATTR",
        "return_code": 0,
        "execution_time": 57,
        "extra": {
          "hash": null,
          "timestamps": []
        }
      }
    },
    {
      "Failure": {
        "operation": "READ",
        "subcall": "read",
        "return_code": -1,
        "errno": 21,
        "strerror": "Is a directory"
      }
    },
    {
      "Success": {
        "operation": "LSEEK",
        "return_code": 128,
        "execution_time": 1,
        "extra": {
          "hash": null,
          "timestamps": []
        }
      }
    },
    {
      "Failure": {
        "operation": "SETXATTR",
        "subcall": "setxattr",
        "return_code": -1,
        "errno": 2,
        "strerror": "No such file or directory"
      }
    },
    {
      "Failure": {
        "operation": "WRITE",
        "subcall": "write",
        "return_code": -1,
        "errno": 9,
        "strerror": "Bad file descriptor"
      }
    },
    {
      "Success": {
        "operation": "LSEEK",
        "return_code": 32768,
        "execution_time": 0,
        "extra": {
          "hash": null,
          "timestamps": []
        }
      }
    },
    {
      "Success": {
        "operation": "FCHMOD",
        "return_code": 0,
        "execution_time": 24,
        "extra": {
          "hash": null,
          "timestamps": [
            {
              "owner": "file",
              "atime": false,
              "mtime": false,
              "ctime": true
            }
          ]
        }
      }
    },
    {
      "Failure": {
        "operation": "CREATE",
        "subcall": "creat",
        "return_code": -1,
        "errno": 2,
        "strerror": "No such file or directory"
      }
    },
    {
      "Success": {
        "operation": "READ",
        "return_code": 0,
        "execution_time": 38,
        "extra": {
          "hash": 1873913666579263196,
          "timestamps": [
            {
              "owner": "file",
              "atime": true,
              "mtime": false,
              "ctime": false
            }
          ]
        }
      }
    },
    {
      "Success": {
        "operation": "READ",
        "return_code": 0,
        "execution_time": 1,
        "extra": {
          "hash": 1873913666579263196,
          "timestamps": [
            {
              "owner": "file",
              "atime": false,
              "mtime": false,
              "ctime": false
            }
          ]
        }
      }
    },
    {
      "Failure": {
        "operation": "WRITE",
        "subcall": "write",
        "return_code": -1,
        "errno": 9,
        "strerror": "Bad file descriptor"
      }
    },
    {
      "Failure": {
        "operation": "RENAME",
        "subcall": "rename",
        "return_code": -1,
        "errno": 2,
        "strerror": "No such file or directory"
      }
    },
    {
      "Failure": {
        "operation": "WRITE",
        "subcall": "write",
        "return_code": -1,
        "errno": 9,
        "strerror": "Bad file descriptor"
      }
    },
    {
      "Failure": {
        "operation": "TRUNCATE",
        "subcall": "truncate",
        "return_code": -1,
        "errno": 2,
        "strerror": "No such file or directory"
      }
    },
    {
      "Failure": {
        "operation": "PWRITE",
        "subcall": "pwrite",
        "return_code": -1,
        "errno": 9,
        "strerror": "Bad file descriptor"
      }
    },
    {
      "Failure": {
        "operation": "WRITE",
        "subcall": "write",
        "return_code": -1,
        "errno": 9,
        "strerror": "Bad file descriptor"
      }
    },
    {
      "Success": {
        "operation": "LSEEK",
        "return_code": 9223372036854743038,
        "execution_time": 0,
        "extra": {
          "hash": null,
          "timestamps": []
        }
      }
    },
    {
      "Success": {
        "operation": "CHMOD",
        "return_code": 0,
        "execution_time": 11,
        "extra": {
          "hash": null,
          "timestamps": [
            {
              "owner": "file",
              "atime": false,
              "mtime": false,
              "ctime": true
            }
          ]
        }
      }
    },
    {
      "Failure": {
        "operation": "WRITE",
        "subcall": "write",
        "return_code": -1,
        "errno": 9,
        "strerror": "Bad file descriptor"
      }
    },
    {
      "Success": {
        "operation": "GETXATTR",
        "return_code": 255,
        "execution_time": 15,
        "extra": {
          "hash": 4251152708921922530,
          "timestamps": []
        }
      }
    },
    {
      "Success": {
        "operation": "GETXATTR",
        "return_code": 127,
        "execution_time": 12,
        "extra": {
          "hash": 12964609138626329527,
          "timestamps": []
        }
      }
    },
    {
      "Success": {
        "operation": "REMOVE",
        "return_code": 0,
        "execution_time": 18,
        "extra": {
          "hash": null,
          "timestamps": [
            {
              "owner": "parent",
              "atime": false,
              "mtime": true,
              "ctime": true
            }
          ]
        }
      }
    },
    {
      "Failure": {
        "operation": "GETXATTR",
        "subcall": "getxattr",
        "return_code": -1,
        "errno": 2,
        "strerror": "No such file or directory"
      }
    },
    {
      "Success": {
        "operation": "LISTXATTR",
        "return_code": 256,
        "execution_time": 14,
        "extra": {
          "hash": 6597767735866021357,
          "timestamps": []
        }
      }
    },
    {
      "Failure": {
        "operation": "GETXATTR",
        "subcall": "getxattr",
        "return_code": -1,
        "errno": 61,
        "strerror": "No data available"
      }
    }
  ]
}